categories_str,sources_str,cosine_centroid,manual_coarse_grained,space_selection,qumcrae_label,word,lemma,wiki_frequency,word_in_wn?,word_noun_in_wn?,n_navigli_clusters,n_onto_senses_n_v,n_wn_senses,min_wn_sim_wup,av_sim_wup,polysemy_type,mipvu,wn_abs_conc,conc,fam,aoa,property,concept
neg,manually_included,0.242080788,-,True,-,table,table,113840,True,True,3,5,8,0.13333333333333333,0.26176111470229113,homonyms_only_different_pos,non-met,abs-conc,604,599,,hot,table
neighbors-200,wikipedia_sgns_model,0.4004759717,-,True,-,tray,tray,2969,True,True,0,1,1,1.0,1.0,poly,non-met,conc,590,558,,hot,tray
neighbors-200,wikipedia_sgns_model,0.4407120612,-,True,-,chimney,chimney,9203,True,True,2,0,2,0.9,0.9,poly,non-met,conc,,479,,hot,chimney
neighbors-200,wikipedia_sgns_model,0.5618515638,-,True,-,stovetop,stovetop,104,False,False,0,0,0,None,,,,-,,,,hot,stovetop
hot,conceptnet,0.4644989786,-,True,-,fireplaces,fireplace,2349,True,True,0,0,1,1.0,1.0,poly,,conc,,,,hot,fireplace
neighbors-200,wikipedia_sgns_model,0.4997700063,-,True,-,fireplace,fireplace,5533,True,True,0,0,1,1.0,1.0,poly,,conc,592,529,,hot,fireplace
cold,conceptnet,0.0917911532,3,False,-,canada,canada,371010,True,True,0,0,1,1.0,1.0,,non-met,n,,638,,hot,canada
cold,conceptnet,0.1754538623,-,True,-,alaska,alaska,44672,True,True,0,0,1,1.0,1.0,,non-met,n,,,,hot,alaska
cold,conceptnet,0.1092957826,2,True,-,people,people,1124171,True,True,3,7,6,0.2222222222222222,0.550976800976801,homonyms_only_different_pos,non-met,abs,540,628,281,hot,people
cold,conceptnet,0.184559048,-,True,-,space,space,322609,True,True,4,9,10,0.125,0.3778448403448404,homonyms_only_different_pos,met non-met,abs-conc,381,576,319,hot,space
neg_met,manually_included,0.1629470612,-,True,-,thought,think,209762,True,True,4,14,14,0.2,0.33651811151811123,homonyms_only_different_pos,met non-met,abs,274,603,347,hot,think
pos_met,manually_included,0.2101217559,-,True,-,argument,argument,43743,True,True,3,7,7,0.23529411764705882,0.34703095813224083,poly,met non-met,abs,,,,hot,argument
cold,conceptnet,0.2056323843,-,True,-,river,river,810697,True,True,0,0,1,1.0,1.0,poly,non-met,conc,585,565,,hot,river
cold,conceptnet,0.1323967942,-,True,-,bob,bob,103826,True,True,8,8,12,0.1,0.24165591418912105,homonyms_also_same_pos,non-met,abs-conc,,,,hot,bob
pos/neg,manually_included,0.21025066131463122,,,,idea,idea,159752,True,True,,,5,0.23529411764705882,0.45187800761330177,poly,non-met,abs,259,585,,hot,idea
cold,conceptnet,0.2078351414,-,True,-,winter,winter,174503,True,True,0,1,2,None,,homonyms_only_different_pos,non-met,abs,499,615,236,hot,winter
cold,conceptnet,0.3120209681,-,True,-,ice,ice,172988,True,True,4,3,11,0.18181818181818182,0.34117859189005834,homonyms_only_different_pos,non-met,conc,621,564,261,hot,ice
is_cold,mcrae,0.2999759125,-,True,neg-is_cold-most,basement,basement,26654,True,True,2,0,2,0.7058823529411765,0.7058823529411765,mon,,conc,585,522,,hot,basement
cold,conceptnet,0.3539392564,-,True,-,water,water,586090,True,True,6,12,10,0.18181818181818182,0.349777490025168,homonyms_only_different_pos,non-met,abs-conc,616,641,153,hot,water
cold,conceptnet,0.2677695218,-,True,-,moon,moon,75421,True,True,3,0,9,0.1111111111111111,0.3189659512027933,poly,non-met,abs-conc-n,581,585,,hot,moon
cold,conceptnet,0.2953767603,-,True,-,tile,tile,9920,True,True,1,0,4,0.5555555555555556,0.5787037037037037,homonyms_only_different_pos,,conc,,,,hot,tile
is_cold,cslb,0.3613596041,-,True,-,beer,beer,40202,True,True,0,1,1,1.0,1.0,poly,non-met,abs,587,604,,hot,beer
pos/neg,manually_included,0.3022640002669513,,,,atmosphere,atmosphere,41970,True,True,,,6,0.125,0.23059995559995555,poly,met non-met,abs-conc,385,540,517,hot,atmosphere
is_cold,cslb,0.3454337125,-,True,-,lemonade,lemonade,1602,True,True,0,0,1,1.0,1.0,poly,non-met,abs,615,522,,hot,lemonade
neighbors-200,wikipedia_sgns_model,0.3836470387,-,True,-,heat,heat,91579,True,True,3,12,11,0.1111111111111111,0.23461338951535032,homonyms_only_different_pos,non-met,abs-conc,472,580,278,hot,heat
neighbors-200,wikipedia_sgns_model,0.4075259205,-,True,-,heated,heat,18129,True,True,3,12,11,0.1111111111111111,0.23461338951535032,homonyms_only_different_pos,non-met,abs-conc,,,,hot,heat
is_hot is_cold is_hot is_cold,cslb manually_included,0.4044339379,-,True,-,tea,tea,41766,True,True,3,0,5,0.1,0.2978814683768244,poly,non-met,abs-conc,609,572,,hot,tea
is_hot is_cold is_hot is_cold,cslb manually_included,0.4776739539,-,True,-,soup,soup,12179,True,True,2,0,4,0.13333333333333333,0.26666666666666666,poly,,abs-conc,615,576,,hot,soup
cold,conceptnet,0.2382226739,-,True,-,vinyl,vinyl,29592,True,True,2,0,2,0.3333333333333333,0.3333333333333333,mon,non-met,conc,,,,hot,vinyl
is_cold,cslb,0.3674442759,-,True,-,fridge,fridge,976,True,True,0,0,1,1.0,1.0,mon,non-met,conc,,,,hot,fridge
is_hot hot is_hot hot,cslb conceptnet manually_included,0.4594852747,-,True,-,coffee,coffee,42783,True,True,2,0,4,0.1,0.20505050505050507,poly,non-met,abs-conc,613,625,292,hot,coffee
cold,conceptnet,0.2849239537,-,True,-,icicles,icicle,233,True,True,0,0,1,1.0,1.0,mon,,conc,,,,hot,icicle
cold,conceptnet,0.1895070935,-,True,-,noses,nose,1741,True,True,4,8,14,0.10526315789473684,0.2461568725032617,homonyms_only_different_pos,met non-met,abs-conc,,,,hot,nose
cold,conceptnet,0.1850230625,-,True,-,toes,toe,5979,True,True,4,0,9,0.18181818181818182,0.32662441724941726,homonyms_only_different_pos,non-met,conc,,,,hot,toe
pos_met,manually_included,0.3088815748,-,True,-,bikini,bikini,4285,True,True,1,0,2,0.3,0.3,mon,,conc-n,,,,hot,bikini
neighbors-200,wikipedia_sgns_model,0.395508638,-,True,-,cheesecloth,cheesecloth,113,True,True,0,0,1,1.0,1.0,poly,,conc,,,,hot,cheesecloth
pos_met,manually_included,0.2425027569,-,True,-,outfit,outfit,13683,True,True,2,0,4,0.125,0.26851851851851855,homonyms_only_different_pos,non-met,abs-conc,515,489,417,hot,outfit
pos/neg,manually_included,0.3560775684876576,,,,topcoat,topcoat,116,True,True,,,1,1.0,1.0,poly,non-met,conc,,,,hot,topcoat
pos/neg,manually_included,0.20775967697392989,,,,boot,boot,16019,True,True,,,9,0.08695652173913043,0.24106151907214085,homonyms_also_same_pos,met non-met,abs-conc,595,566,251,hot,boot
pos/neg,manually_included,0.29989616236689887,,,,shoe,shoe,14949,True,True,,,5,0.5263157894736842,0.5937392500859993,homonyms_only_different_pos,non-met,conc,600,569,,hot,shoe
neighbors-200,wikipedia_sgns_model,0.4064846113,-,True,-,clothes,clothe,28650,True,False,1,3,3,0.2,0.21666666666666667,poly,met,-,600,652,194,hot,clothe
neighbors-200,wikipedia_sgns_model,0.4494721251,-,True,-,quesadillas,quesadilla,124,True,True,0,0,1,1.0,1.0,,,conc,,,,hot,quesadilla
neighbors-200,wikipedia_sgns_model,0.4297730965,-,True,-,candles,candle,5465,True,True,2,0,3,0.10526315789473684,0.10526315789473684,poly,non-met,abs-conc,,,,hot,candle
is_hot,cslb,0.4957390895,-,True,-,candle,candle,5981,True,True,2,0,3,0.10526315789473684,0.10526315789473684,poly,non-met,abs-conc,565,544,,hot,candle
hot,conceptnet,0.2910641904,-,True,-,jungles,jungle,2128,True,True,1,0,3,0.16666666666666666,0.25396825396825395,poly,non-met,abs-conc,,,,hot,jungle
neighbors-200,wikipedia_sgns_model,0.3918734006,-,True,-,vapor,vapor,7797,True,True,1,0,2,0.3076923076923077,0.3076923076923077,,,abs-conc,,,,hot,vapor
neighbors-200,wikipedia_sgns_model,0.3890222474,-,True,-,casserole,casserole,378,True,True,1,0,2,0.23529411764705882,0.23529411764705882,poly,,conc,,,,hot,casserole
neighbors-200,wikipedia_sgns_model,0.4152001748,-,True,-,casseroles,casserole,163,True,True,1,0,2,0.23529411764705882,0.23529411764705882,poly,,conc,,,,hot,casserole
hot,conceptnet,0.3759058779,-,True,-,lava,lava,15425,True,True,0,0,1,1.0,1.0,poly,,abs,,,,hot,lava
neighbors-200,wikipedia_sgns_model,0.4633176239,-,True,-,stoves,stove,2183,True,True,1,0,4,0.16666666666666666,0.3214285714285714,homonyms_only_different_pos,,conc,,,,hot,stove
is_hot hot,cslb conceptnet,0.6109173817,-,True,-,stove,stove,4198,True,True,1,0,4,0.16666666666666666,0.3214285714285714,homonyms_only_different_pos,,conc,591,525,297,hot,stove
neighbors-200,wikipedia_sgns_model,0.4706293304,-,True,-,cakes,cake,4849,True,True,2,5,4,0.26666666666666666,0.3174603174603175,homonyms_only_different_pos,met non-met,conc,,,,hot,cake
neighbors-200,wikipedia_sgns_model,0.4823635358,-,True,-,cake,cake,13460,True,True,2,5,4,0.26666666666666666,0.3174603174603175,homonyms_only_different_pos,met non-met,conc,624,594,214,hot,cake
hot hot,conceptnet manually_included,0.3866655203,-,True,-,fire,fire,324750,True,True,8,18,18,0.1,0.26704184976243783,homonyms_only_different_pos,met non-met,abs-conc,595,580,,hot,fire
neighbors-200,wikipedia_sgns_model,0.3867258134,-,True,-,fires,fire,26906,True,True,8,18,18,0.1,0.26704184976243783,homonyms_only_different_pos,met non-met,abs-conc,,,,hot,fire
neighbors-200,wikipedia_sgns_model,0.4013383086,-,True,-,cans,can,5281,True,True,4,5,8,0.11764705882352941,0.26523255135387486,homonyms_only_different_pos,non-met,abs-conc,,,,hot,can
neighbors-200,wikipedia_sgns_model,0.398014898,-,True,-,tortillas,tortilla,684,True,True,0,0,1,1.0,1.0,mon,,conc,,,,hot,tortilla
is_hot,cslb,0.347314228,-,True,-,bath,bath,34659,True,True,2,0,7,0.1,0.2699621603027176,homonyms_only_different_pos,non-met,abs-conc-n,600,599,172,hot,bath
is_hot,cslb,0.4094820915,-,True,-,pie,pie,11835,True,True,1,0,2,0.13333333333333333,0.13333333333333333,poly,non-met,abs-conc,613,576,,hot,pie
neighbors-200,wikipedia_sgns_model,0.4306489063,-,True,-,pies,pie,2659,True,True,1,0,2,0.13333333333333333,0.13333333333333333,poly,non-met,abs-conc,,,,hot,pie
neighbors-200,wikipedia_sgns_model,0.4308332511,-,True,-,sundaes,sundae,122,True,True,0,0,1,1.0,1.0,mon,,conc,,,,hot,sundae
neighbors-200,wikipedia_sgns_model,0.4084871665,-,True,-,pomade,pomade,109,True,True,0,0,2,None,,homonyms_only_different_pos,,conc,,,,hot,pomade
neighbors-200,wikipedia_sgns_model,0.405068138,-,True,-,freezer,freezer,1453,True,True,0,0,1,1.0,1.0,poly,,conc,,,,hot,freezer
neighbors-200,wikipedia_sgns_model,0.3987896387,-,True,-,bathtub,bathtub,2078,True,True,0,0,1,1.0,1.0,mon,non-met,conc,,,,hot,bathtub
hot,conceptnet,0.3083180731,-,True,-,summertime,summertime,2838,True,True,0,0,1,1.0,1.0,mon,,abs,,,,hot,summertime
neighbors-200,wikipedia_sgns_model,0.3808709262,-,True,-,glass,glass,102855,True,True,5,7,12,0.09523809523809523,0.28231416339163223,poly,non-met,abs-conc,635,611,,hot,glass
hot,conceptnet,0.4965471843,-,True,-,flame,flame,16929,True,True,2,4,4,0.14285714285714285,0.1865079365079365,homonyms_only_different_pos,non-met,conc,582,551,261,hot,flame
pos,manually_included,0.4828768237,-,True,-,heating,heating,22413,True,True,1,0,6,0.2222222222222222,0.2573696145124717,mon,non-met,conc,,,,hot,heating
is_hot,cslb,0.4646467449,-,True,-,kettle,kettle,4052,True,True,1,0,4,0.125,0.28495475113122176,poly,,abs-conc,602,551,274,hot,kettle
hot,conceptnet,0.3521782163,-,True,-,lightning,lightning,25437,True,True,1,0,2,0.625,0.625,poly,non-met,abs,525,465,331,hot,lightning
neighbors-200,wikipedia_sgns_model,0.385672421,-,True,-,cream,cream,29383,True,True,6,7,8,0.125,0.23260073260073255,homonyms_only_different_pos,non-met,abs-conc,621,514,,hot,cream
neg_met,manually_included,0.154027312,-,True,-,problem,problem,137495,True,True,2,3,3,0.2857142857142857,0.2857142857142857,poly,non-met,abs,360,596,367,hot,problem
neg_met,manually_included,0.2216247615,-,True,-,puzzle,puzzle,13342,True,True,2,3,4,0.1111111111111111,0.18055555555555555,homonyms_only_different_pos,,abs-conc,449,486,320,hot,puzzle
neg_met,manually_included,0.2294258792,-,True,-,happiness,happiness,17035,True,True,0,0,2,0.7142857142857143,0.7142857142857143,mon,,abs,295,581,333,hot,happiness
pos_met,manually_included,0.2683021382,-,True,-,anger,anger,20552,True,True,2,4,5,0.2,0.301984126984127,homonyms_only_different_pos,non-met,abs,315,541,,hot,anger
hot,conceptnet,0.2751709587,-,True,-,cindy,cindy,7206,False,False,0,0,0,None,,,,-,,,,hot,cindy
hot,conceptnet,0.302233105,-,True,-,venus,venus,17226,True,True,0,0,3,0.10526315789473684,0.14837747964682949,,non-met,abs-n,,,,hot,venus
neighbors-200,wikipedia_sgns_model,0.3787013067,-,True,-,coals,coal,1334,True,True,2,3,5,0.18181818181818182,0.25441919191919193,homonyms_only_different_pos,,conc,,,,hot,coal
neighbors-200,wikipedia_sgns_model,0.3787682486,-,True,-,bulb,bulb,5847,True,True,2,0,6,0.11764705882352941,0.28614277306227776,poly,met non-met,abs-conc,,,,hot,bulb
neighbors-200,wikipedia_sgns_model,0.3790124385,-,True,-,pastry,pastry,4000,True,True,1,0,2,0.375,0.375,poly,non-met,conc,,,,hot,pastry
neighbors-200,wikipedia_sgns_model,0.3959377834,-,True,-,pastries,pastry,1432,True,True,1,0,2,0.375,0.375,poly,non-met,conc,,,,hot,pastry
neighbors-200,wikipedia_sgns_model,0.3791587778,-,True,-,chilled,chill,1739,True,True,3,4,7,0.23529411764705882,0.3472066604419546,homonyms_only_different_pos,,abs,,,,hot,chill
neighbors-200,wikipedia_sgns_model,0.3795177297,-,True,-,geysers,geyser,747,True,True,0,0,2,None,,poly,,conc,,,,hot,geyser
neighbors-200,wikipedia_sgns_model,0.379580292,-,True,-,chhena,chhena,115,False,False,0,0,0,None,,,,-,,,,hot,chhena
neighbors-200,wikipedia_sgns_model,0.379581881,-,True,-,melted,melt,5189,True,True,2,9,7,0.18181818181818182,0.3056902356902357,poly,non-met,conc,,,,hot,melt
neighbors-200,wikipedia_sgns_model,0.39025575,-,True,-,molten,melt,4265,True,True,2,9,7,0.18181818181818182,0.3056902356902357,poly,non-met,conc,,,,hot,melt
neighbors-200,wikipedia_sgns_model,0.3975765383,-,True,-,melt,melt,6559,True,True,2,9,7,0.18181818181818182,0.3056902356902357,poly,non-met,conc,413,521,,hot,melt
neighbors-200,wikipedia_sgns_model,0.3797686822,-,True,-,blastpipe,blastpipe,118,False,False,0,0,0,None,,,,-,,,,hot,blastpipe
neighbors-200,wikipedia_sgns_model,0.3802018906,-,True,-,skillets,skillet,101,True,True,0,0,1,1.0,1.0,mon,,conc,,,,hot,skillet
neighbors-200,wikipedia_sgns_model,0.3802040861,-,True,-,igniter,igniter,283,True,True,1,0,2,0.2857142857142857,0.2857142857142857,,,conc,,,,hot,igniter
neighbors-200,wikipedia_sgns_model,0.3804196613,-,True,-,utensil,utensil,395,True,True,0,0,1,1.0,1.0,poly,,conc,567,494,,hot,utensil
neighbors-200,wikipedia_sgns_model,0.3805748475,-,True,-,lefse,lefse,111,False,False,0,0,0,None,,,,-,,,,hot,lefse
neighbors-200,wikipedia_sgns_model,0.3806077645,-,True,-,tubs,tub,989,True,True,1,0,3,0.13333333333333333,0.38518518518518513,poly,non-met,abs-conc,,,,hot,tub
neighbors-200,wikipedia_sgns_model,0.4100161863,-,True,-,tub,tub,2954,True,True,1,0,3,0.13333333333333333,0.38518518518518513,poly,non-met,abs-conc,,,,hot,tub
neighbors-200,wikipedia_sgns_model,0.3808134509,-,True,-,syrup,syrup,4860,True,True,0,0,1,1.0,1.0,poly,,conc,,,,hot,syrup
neighbors-200,wikipedia_sgns_model,0.3810717465,-,True,-,coolers,cooler,839,True,True,3,0,9,0.2,0.2900255754475703,poly,,abs-conc,,,,hot,cooler
neighbors-200,wikipedia_sgns_model,0.3811722505,-,True,-,bagoong,bagoong,109,False,False,0,0,0,None,,,,-,,,,hot,bagoong
neighbors-200,wikipedia_sgns_model,0.3813138026,-,True,-,campfire,campfire,1399,True,True,0,0,1,1.0,1.0,mon,,abs,,,,hot,campfire
neighbors-200,wikipedia_sgns_model,0.3813727618,-,True,-,candies,candy,1673,True,True,0,0,2,None,,homonyms_only_different_pos,,conc,,,,hot,candy
neighbors-200,wikipedia_sgns_model,0.4073171568,-,True,-,candy,candy,16606,True,True,0,0,2,None,,homonyms_only_different_pos,,conc,602,559,,hot,candy
neighbors-200,wikipedia_sgns_model,0.3814008152,-,True,-,meat,meat,43469,True,True,1,0,3,0.15384615384615385,0.2094017094017094,poly,non-met,abs-conc,587,589,,hot,meat
neighbors-200,wikipedia_sgns_model,0.3847746909,-,True,-,meats,meat,3304,True,True,1,0,3,0.15384615384615385,0.2094017094017094,poly,non-met,abs-conc,,,,hot,meat
neighbors-200,wikipedia_sgns_model,0.3817558751,-,True,-,liquid,liquid,40922,True,True,5,0,11,0.125,0.32517343767343765,homonyms_only_different_pos,non-met,abs-conc,555,578,343,hot,liquid
neighbors-200,wikipedia_sgns_model,0.381991367,-,True,-,toast,toast,3839,True,True,4,0,6,0.125,0.23218210361067504,homonyms_also_same_pos,non-met,abs-conc,582,571,,hot,toast
neighbors-200,wikipedia_sgns_model,0.3821092937,-,True,-,bathroom,bathroom,9261,True,True,1,0,2,0.8888888888888888,0.8888888888888888,poly,non-met,conc,,,,hot,bathroom
neighbors-200,wikipedia_sgns_model,0.3821975945,-,True,-,flowerpots,flowerpot,109,True,True,0,0,1,1.0,1.0,mon,,conc,,,,hot,flowerpot
neighbors-200,wikipedia_sgns_model,0.3823600176,-,True,-,jugs,jug,885,True,True,2,0,4,0.125,0.1736111111111111,homonyms_only_different_pos,,abs-conc,,,,hot,jug
neighbors-200,wikipedia_sgns_model,0.3829789421,-,True,-,fruitcake,fruitcake,211,True,True,0,0,2,0.26666666666666666,0.26666666666666666,poly,,conc,,,,hot,fruitcake
neighbors-200,wikipedia_sgns_model,0.3830417052,-,True,-,furnaces,furnace,4389,True,True,0,0,1,1.0,1.0,poly,non-met,conc,,,,hot,furnace
neighbors-200,wikipedia_sgns_model,0.4316485114,-,True,-,furnace,furnace,10007,True,True,0,0,1,1.0,1.0,poly,non-met,conc,600,406,428,hot,furnace
neighbors-200,wikipedia_sgns_model,0.3830659418,-,True,-,pancakes,pancake,1194,True,True,0,0,1,1.0,1.0,homonyms_only_different_pos,,conc,,,,hot,pancake
neighbors-200,wikipedia_sgns_model,0.3833039898,-,True,-,showers,shower,4555,True,True,6,5,11,0.09523809523809523,0.18102874181202355,homonyms_only_different_pos,met non-met,abs-conc,,,,hot,shower
neighbors-200,wikipedia_sgns_model,0.4265726191,-,True,-,shower,shower,7586,True,True,6,5,11,0.09523809523809523,0.18102874181202355,homonyms_only_different_pos,met non-met,abs-conc,588,593,342,hot,shower
neighbors-200,wikipedia_sgns_model,0.3833688998,-,True,-,achiote,achiote,106,False,False,0,0,0,None,,,,-,,,,hot,achiote
neighbors-200,wikipedia_sgns_model,0.3833849373,-,True,-,garlic,garlic,5186,True,True,1,0,2,0.19047619047619047,0.19047619047619047,mon,non-met,conc,636,509,,hot,garlic
neighbors-200,wikipedia_sgns_model,0.3835740205,-,True,-,sanitizer,sanitizer,122,False,False,0,0,0,None,,,,-,,,,hot,sanitizer
neighbors-200,wikipedia_sgns_model,0.3836371993,-,True,-,sauteed,sauteed,181,True,False,0,0,2,None,,,,-,,,,hot,sauteed
neighbors-200,wikipedia_sgns_model,0.3841219725,-,True,-,fried,fry,11528,True,True,2,4,6,0.2,0.40757575757575754,homonyms_only_different_pos,non-met,conc-n,,,,hot,fry
neighbors-200,wikipedia_sgns_model,0.4400780706,-,True,-,frying,fry,2415,True,True,2,4,6,0.2,0.40757575757575754,homonyms_only_different_pos,non-met,conc-n,,,,hot,fry
neighbors-200,wikipedia_sgns_model,0.3842669588,-,True,-,yogurt,yogurt,2506,True,True,0,0,1,0.875,0.875,,,conc,,,,hot,yogurt
neighbors-200,wikipedia_sgns_model,0.3843765568,-,True,-,homemade,homemade,3666,True,False,0,0,1,1.0,1.0,mon,,-,,,,hot,homemade
neighbors-200,wikipedia_sgns_model,0.3844348966,-,True,-,firebox,firebox,1690,True,True,0,0,1,1.0,1.0,poly,,conc,,,,hot,firebox
neighbors-200,wikipedia_sgns_model,0.3845347829,-,True,-,kitchens,kitchen,4408,True,True,0,0,1,1.0,1.0,poly,non-met,conc,,,,hot,kitchen
neighbors-200,wikipedia_sgns_model,0.4935283569,-,True,-,kitchen,kitchen,34918,True,True,0,0,1,1.0,1.0,poly,non-met,conc,,,,hot,kitchen
neighbors-200,wikipedia_sgns_model,0.3846881883,-,True,-,earthenware,earthenware,1525,True,True,0,0,1,1.0,1.0,mon,,conc,,,,hot,earthenware
neighbors-200,wikipedia_sgns_model,0.3846993574,-,True,-,lampshades,lampshade,133,True,True,0,0,1,1.0,1.0,mon,,conc,,,,hot,lampshade
neighbors-200,wikipedia_sgns_model,0.3851099882,-,True,-,custard,custard,1600,True,True,0,0,1,1.0,1.0,poly,,conc,549,460,,hot,custard
neighbors-200,wikipedia_sgns_model,0.3852330312,-,True,-,tteok,tteok,303,False,False,0,0,0,None,,,,-,,,,hot,tteok
neighbors-200,wikipedia_sgns_model,0.3856163628,-,True,-,pasta,pasta,3354,True,True,1,0,2,0.42857142857142855,0.42857142857142855,mon,non-met,conc,,,,hot,pasta
neighbors-200,wikipedia_sgns_model,0.385666718,-,True,-,snacks,snack,3242,True,True,0,0,2,None,,homonyms_only_different_pos,,conc,,,,hot,snack
neighbors-200,wikipedia_sgns_model,0.4131669742,-,True,-,snack,snack,5025,True,True,0,0,2,None,,homonyms_only_different_pos,,conc,,,,hot,snack
neighbors-200,wikipedia_sgns_model,0.3856771298,-,True,-,payasam,payasam,101,False,False,0,0,0,None,,,,-,,,,hot,payasam
neighbors-200,wikipedia_sgns_model,0.3858267346,-,True,-,fumes,fume,2236,True,True,2,5,5,0.2,0.25555555555555554,homonyms_only_different_pos,non-met,conc,,,,hot,fume
neighbors-200,wikipedia_sgns_model,0.385880659,-,True,-,fondue,fondue,237,True,True,1,0,2,0.875,0.875,poly,,conc,,,,hot,fondue
neighbors-200,wikipedia_sgns_model,0.3859692103,-,True,-,jar,jar,5719,True,True,4,5,8,0.1111111111111111,0.25695970695970693,homonyms_also_same_pos,non-met,abs-conc,595,564,242,hot,jar
neighbors-200,wikipedia_sgns_model,0.386037235,-,True,-,kraters,krater,130,False,False,0,0,0,None,,,,-,,,,hot,krater
neighbors-200,wikipedia_sgns_model,0.3860659602,-,True,-,provolone,provolone,107,False,False,0,0,0,None,,,,-,,,,hot,provolone
neighbors-200,wikipedia_sgns_model,0.3865436863,-,True,-,grilling,grill,689,True,True,1,3,4,0.14285714285714285,0.40476190476190477,homonyms_only_different_pos,non-met,conc,,,,hot,grill
neighbors-200,wikipedia_sgns_model,0.3931256482,-,True,-,grill,grill,6235,True,True,1,3,4,0.14285714285714285,0.40476190476190477,homonyms_only_different_pos,non-met,conc,,,,hot,grill
neighbors-200,wikipedia_sgns_model,0.387689097,-,True,-,chutneys,chutney,153,True,True,0,0,1,1.0,1.0,mon,,conc,,,,hot,chutney
neighbors-200,wikipedia_sgns_model,0.3895389963,-,True,-,puree,puree,169,True,True,0,0,2,None,,homonyms_only_different_pos,non-met,conc,,,,hot,puree
neighbors-200,wikipedia_sgns_model,0.3896032987,-,True,-,condiment,condiment,885,True,True,0,0,1,1.0,1.0,mon,,conc,,,,hot,condiment
neighbors-200,wikipedia_sgns_model,0.3899077931,-,True,-,woks,wok,115,True,True,0,0,1,1.0,1.0,,,conc,,,,hot,wok
neighbors-200,wikipedia_sgns_model,0.390569252,-,True,-,vegetables,vegetable,17635,True,True,1,0,2,0.23529411764705882,0.23529411764705882,homonyms_only_different_pos,non-met,conc,,,,hot,vegetable
neighbors-200,wikipedia_sgns_model,0.3907650862,-,True,-,broiled,broil,209,True,True,1,3,4,0.2,0.23597883597883595,homonyms_only_different_pos,,abs,,,,hot,broil
neighbors-200,wikipedia_sgns_model,0.3912904644,-,True,-,empanadas,empanada,167,False,False,0,0,0,None,,,,-,,,,hot,empanada
neighbors-200,wikipedia_sgns_model,0.3913953183,-,True,-,refried,refried,150,False,False,0,0,0,None,,,,-,,,,hot,refried
neighbors-200,wikipedia_sgns_model,0.3915108832,-,True,-,charcoal,charcoal,7071,True,True,1,0,6,0.1111111111111111,0.25773420479302833,poly,,abs-conc,,,,hot,charcoal
neighbors-200,wikipedia_sgns_model,0.3915574798,-,True,-,browned,brown,222,True,True,2,3,8,0.11764705882352941,0.2764748323571853,homonyms_only_different_pos,non-met,abs-n,,,,hot,brown
neighbors-200,wikipedia_sgns_model,0.3917491812,-,True,-,focaccia,focaccia,116,False,False,0,0,0,None,,,,-,,,,hot,focaccia
neighbors-200,wikipedia_sgns_model,0.3918761139,-,True,-,glow,glow,5325,True,True,2,3,12,0.09523809523809523,0.3108074521437151,homonyms_only_different_pos,,abs-conc,,,,hot,glow
neighbors-200,wikipedia_sgns_model,0.3924352438,-,True,-,dessert,dessert,4305,True,True,0,0,1,1.0,1.0,mon,,conc,,,,hot,dessert
neighbors-200,wikipedia_sgns_model,0.3926585564,-,True,-,sandwiches,sandwich,2979,True,True,1,3,3,0.18181818181818182,0.18181818181818182,homonyms_only_different_pos,non-met,conc,,,,hot,sandwich
neighbors-200,wikipedia_sgns_model,0.3931406891,-,True,-,emulsifying,emulsify,114,True,False,1,0,2,0.2857142857142857,0.2857142857142857,mon,,-,,,,hot,emulsify
neighbors-200,wikipedia_sgns_model,0.3933082486,-,True,-,firewood,firewood,2924,True,True,0,0,1,1.0,1.0,mon,,conc,629,444,331,hot,firewood
neighbors-200,wikipedia_sgns_model,0.3933682693,-,True,-,macchiato,macchiato,100,False,False,0,0,0,None,,,,-,,,,hot,macchiato
neighbors-200,wikipedia_sgns_model,0.3933749377,-,True,-,hearth,hearth,2668,True,True,2,0,3,0.35294117647058826,0.4531733746130031,poly,,conc,,,,hot,hearth
neighbors-200,wikipedia_sgns_model,0.3933784131,-,True,-,popcorn,popcorn,2420,True,True,1,0,2,0.17391304347826086,0.17391304347826086,mon,,conc,,,,hot,popcorn
neighbors-200,wikipedia_sgns_model,0.3934429623,-,True,-,seasonings,seasoning,682,True,True,1,0,5,0.11764705882352941,0.23972922502334268,poly,,abs-conc,,,,hot,seasoning
neighbors-200,wikipedia_sgns_model,0.3937422433,-,True,-,bake,bake,2353,True,False,1,4,4,0.2222222222222222,0.2526455026455026,poly,non-met,-,,549,,hot,bake
neighbors-200,wikipedia_sgns_model,0.4572915912,-,True,-,baking,bake,5065,True,False,1,4,4,0.2222222222222222,0.2526455026455026,poly,non-met,-,,,,hot,bake
neighbors-200,wikipedia_sgns_model,0.4677941528,-,True,-,baked,bake,6580,True,False,1,4,4,0.2222222222222222,0.2526455026455026,poly,non-met,-,,,,hot,bake
neighbors-200,wikipedia_sgns_model,0.3939226209,-,True,-,cookware,cookware,729,True,True,0,0,1,1.0,1.0,,,conc,,,,hot,cookware
neighbors-200,wikipedia_sgns_model,0.3940412903,-,True,-,dish,dish,21581,True,True,4,4,8,0.1111111111111111,0.2412405448009163,homonyms_only_different_pos,,abs-conc,,,,hot,dish
neighbors-200,wikipedia_sgns_model,0.423225153,-,True,-,dishes,dish,15977,True,True,4,4,8,0.1111111111111111,0.2412405448009163,homonyms_only_different_pos,,abs-conc,,,,hot,dish
neighbors-200,wikipedia_sgns_model,0.394137536,-,True,-,juices,juice,1969,True,True,1,0,4,0.1111111111111111,0.23332944288826643,homonyms_only_different_pos,non-met,abs-conc,,,,hot,juice
neighbors-200,wikipedia_sgns_model,0.3957678979,-,True,-,juice,juice,12735,True,True,1,0,4,0.1111111111111111,0.23332944288826643,homonyms_only_different_pos,non-met,abs-conc,599,567,250,hot,juice
neighbors-200,wikipedia_sgns_model,0.3951306441,-,True,-,countertop,countertop,217,True,True,0,0,1,1.0,1.0,,,conc,,,,hot,countertop
neighbors-200,wikipedia_sgns_model,0.3951824759,-,True,-,cupcake,cupcake,513,True,True,0,0,1,1.0,1.0,,,conc,,,,hot,cupcake
neighbors-200,wikipedia_sgns_model,0.3960831979,-,True,-,roast,roast,2844,True,True,3,3,5,0.10526315789473684,0.14354066985645933,homonyms_only_different_pos,met non-met,abs-conc,,536,,hot,roast
neighbors-200,wikipedia_sgns_model,0.4487972352,-,True,-,roasting,roast,1641,True,True,3,3,5,0.10526315789473684,0.14354066985645933,homonyms_only_different_pos,met non-met,abs-conc,,,,hot,roast
neighbors-200,wikipedia_sgns_model,0.396272496,-,True,-,burning,burn,38637,True,True,7,18,20,0.18181818181818182,0.2835716509750698,homonyms_also_same_pos,met non-met,abs,,,,hot,burn
neighbors-200,wikipedia_sgns_model,0.3978090149,-,True,-,pots,pot,6228,True,True,4,0,10,0.09523809523809523,0.2560487206578537,homonyms_only_different_pos,non-met,abs-conc,,,,hot,pot
neighbors-200,wikipedia_sgns_model,0.4405737308,-,True,-,pot,pot,16449,True,True,4,0,10,0.09523809523809523,0.2560487206578537,homonyms_only_different_pos,non-met,abs-conc,584,577,217,hot,pot
neighbors-200,wikipedia_sgns_model,0.3979773822,-,True,-,soot,soot,1674,True,True,0,0,2,None,,homonyms_only_different_pos,,abs,563,390,,hot,soot
neighbors-200,wikipedia_sgns_model,0.3980850773,-,True,-,noodles,noodle,3387,True,True,2,0,2,0.25,0.25,mon,,conc,,,,hot,noodle
neighbors-200,wikipedia_sgns_model,0.3983346632,-,True,-,kiln,kiln,3934,True,True,0,0,1,1.0,1.0,mon,,conc,,,,hot,kiln
neighbors-200,wikipedia_sgns_model,0.3985152772,-,True,-,powdered,powder,2877,True,True,2,0,5,0.16666666666666666,0.36618589743589747,homonyms_only_different_pos,non-met,abs-conc,,,,hot,powder
neighbors-200,wikipedia_sgns_model,0.3988136867,-,True,-,kerosene,kerosene,2936,True,True,0,0,1,0.9090909090909091,0.9090909090909091,mon,,abs,597,418,,hot,kerosene
neighbors-200,wikipedia_sgns_model,0.3990596353,-,True,-,lamps,lamp,11389,True,True,1,0,2,0.6666666666666666,0.6666666666666666,poly,non-met,conc,,,,hot,lamp
neighbors-200,wikipedia_sgns_model,0.4393029245,-,True,-,lamp,lamp,12970,True,True,1,0,2,0.6666666666666666,0.6666666666666666,poly,non-met,conc,615,578,283,hot,lamp
neighbors-200,wikipedia_sgns_model,0.3993391279,-,True,-,ingredients,ingredient,16639,True,True,1,0,3,0.125,0.18867521367521367,mon,,abs-conc,,,,hot,ingredient
neighbors-200,wikipedia_sgns_model,0.4004625189,-,True,-,souffl,souffl,136,False,False,0,0,0,None,,,,-,,,,hot,souffl
neighbors-200,wikipedia_sgns_model,0.4010472116,-,True,-,pizza,pizza,11414,True,True,0,0,1,1.0,1.0,mon,,conc,,,,hot,pizza
neighbors-200,wikipedia_sgns_model,0.4012211347,-,True,-,flatbread,flatbread,373,True,True,0,0,1,1.0,1.0,,,conc,,,,hot,flatbread
neighbors-200,wikipedia_sgns_model,0.4013855615,-,True,-,butter,butter,11341,True,True,1,0,3,0.3333333333333333,0.3333333333333333,homonyms_only_different_pos,non-met,conc,618,615,206,hot,butter
neighbors-200,wikipedia_sgns_model,0.4018409556,-,True,-,khichdi,khichdi,158,False,False,0,0,0,None,,,,-,,,,hot,khichdi
neighbors-200,wikipedia_sgns_model,0.4020434775,-,True,-,laundry,laundry,6998,True,True,2,0,2,0.35294117647058826,0.35294117647058826,poly,,conc,576,502,367,hot,laundry
neighbors-200,wikipedia_sgns_model,0.4022563584,-,True,-,cookers,cooker,603,True,True,0,0,1,1.0,1.0,poly,non-met,conc,,,,hot,cooker
neighbors-200,wikipedia_sgns_model,0.4195885551,-,True,-,cooker,cooker,884,True,True,0,0,1,1.0,1.0,poly,non-met,conc,,,,hot,cooker
neighbors-200,wikipedia_sgns_model,0.4041143874,-,True,-,hot,hot,156692,True,False,9,0,21,None,,poly,met non-met,-,507,607,,hot,hot
neighbors-200,wikipedia_sgns_model,0.4045466983,-,True,-,hydronic,hydronic,123,False,False,0,0,0,None,,,,-,,,,hot,hydronic
neighbors-200,wikipedia_sgns_model,0.405211147,-,True,-,saucepan,saucepan,192,True,True,0,0,1,1.0,1.0,mon,,conc,,,,hot,saucepan
neighbors-200,wikipedia_sgns_model,0.4055488064,-,True,-,hypocaust,hypocaust,216,False,False,0,0,0,None,,,,-,,,,hot,hypocaust
neighbors-200,wikipedia_sgns_model,0.4061725841,-,True,-,caramelized,caramelize,203,True,False,1,0,2,0.25,0.25,,,-,,,,hot,caramelize
neighbors-200,wikipedia_sgns_model,0.4075530651,-,True,-,toilet,toilet,10036,True,True,2,0,4,0.10526315789473684,0.21157980736154114,poly,non-met,abs-conc,586,567,,hot,toilet
neighbors-200,wikipedia_sgns_model,0.4079327039,-,True,-,boil,boil,2289,True,True,4,14,7,0.2857142857142857,0.3160173160173161,homonyms_also_same_pos,met non-met,abs,467,533,,hot,boil
neighbors-200,wikipedia_sgns_model,0.4420017423,-,True,-,boiling,boil,7869,True,True,4,14,7,0.2857142857142857,0.3160173160173161,homonyms_also_same_pos,met non-met,abs,,,,hot,boil
neighbors-200,wikipedia_sgns_model,0.4083283122,-,True,-,chocolate,chocolate,19564,True,True,1,0,3,0.13333333333333333,0.2723646723646724,homonyms_only_different_pos,non-met,abs-conc,576,560,,hot,chocolate
neighbors-200,wikipedia_sgns_model,0.409792222,-,True,-,pudding,pudding,3422,True,True,2,0,3,0.7058823529411765,0.7668845315904139,poly,non-met,conc,593,510,,hot,pudding
neighbors-200,wikipedia_sgns_model,0.4100690023,-,True,-,mooncakes,mooncake,132,False,False,0,0,0,None,,,,-,,,,hot,mooncake
hot,conceptnet,0.4105513318,-,True,-,steam,steam,71855,True,True,4,6,7,0.2222222222222222,0.2642857142857143,homonyms_only_different_pos,met non-met,abs,552,545,308,hot,steam
neighbors-200,wikipedia_sgns_model,0.4128388169,-,True,-,humidifiers,humidifier,108,False,False,0,0,0,None,,,,-,,,,hot,humidifier
neighbors-200,wikipedia_sgns_model,0.4151818145,-,True,-,preheated,preheat,154,True,False,0,0,1,1.0,1.0,mon,,-,,,,hot,preheat
neighbors-200,wikipedia_sgns_model,0.4196281599,-,True,-,preheating,preheat,131,True,False,0,0,1,1.0,1.0,mon,,-,,,,hot,preheat
neighbors-200,wikipedia_sgns_model,0.4153062173,-,True,-,superheat,superheat,107,False,False,0,0,0,None,,,,-,,,,hot,superheat
neighbors-200,wikipedia_sgns_model,0.4159474744,-,True,-,sauce,sauce,11296,True,True,1,3,4,0.3333333333333333,0.3333333333333333,homonyms_only_different_pos,non-met,conc,576,522,258,hot,sauce
neighbors-200,wikipedia_sgns_model,0.4160931355,-,True,-,sauna,sauna,1698,True,True,0,0,1,1.0,1.0,poly,,conc,,,,hot,sauna
neighbors-200,wikipedia_sgns_model,0.4171245935,-,True,-,roasted,roasted,3300,True,False,0,0,3,0.18181818181818182,0.18181818181818182,,,-,,,,hot,roasted
neighbors-200,wikipedia_sgns_model,0.4171548273,-,True,-,drink,drink,33994,True,True,4,11,10,0.1111111111111111,0.22533664434980225,homonyms_only_different_pos,met non-met,abs-conc,549,628,211,hot,drink
neighbors-200,wikipedia_sgns_model,0.4205851839,-,True,-,drinks,drink,15257,True,True,4,11,10,0.1111111111111111,0.22533664434980225,homonyms_only_different_pos,met non-met,abs-conc,,,,hot,drink
neighbors-200,wikipedia_sgns_model,0.4178462374,-,True,-,ovens,oven,3456,True,True,0,0,1,1.0,1.0,poly,non-met,conc,,,,hot,oven
is_hot,cslb,0.6158355253,,True,-,oven,oven,5535,True,True,0,0,1,1.0,1.0,poly,non-met,conc,593,577,236,hot,oven
neighbors-200,wikipedia_sgns_model,0.417977676,-,True,-,enchiladas,enchiladas,135,True,True,0,0,1,1.0,1.0,,,conc,,,,hot,enchiladas
neighbors-200,wikipedia_sgns_model,0.4182250003,-,True,-,pouring,pour,4027,True,False,3,6,6,0.18181818181818182,0.2694757094757095,poly,met non-met,-,,,,hot,pour
neighbors-200,wikipedia_sgns_model,0.4182530629,-,True,-,tandoor,tandoor,165,True,True,0,0,1,1.0,1.0,,,conc,,,,hot,tandoor
neighbors-200,wikipedia_sgns_model,0.4183865687,-,True,-,heaters,heater,2258,True,True,2,0,2,0.11764705882352941,0.11764705882352941,mon,non-met,abs-conc,,,,hot,heater
neighbors-200,wikipedia_sgns_model,0.4284000602,-,True,-,heater,heater,3034,True,True,2,0,2,0.11764705882352941,0.11764705882352941,mon,non-met,abs-conc,,,,hot,heater
neighbors-200,wikipedia_sgns_model,0.4192761789,-,True,-,atole,atole,150,True,True,0,0,1,1.0,1.0,,,conc,,,,hot,atole
neighbors-200,wikipedia_sgns_model,0.4203623134,-,True,-,spiciness,spiciness,137,True,True,0,0,2,0.42857142857142855,0.42857142857142855,,,abs,,,,hot,spiciness
neighbors-200,wikipedia_sgns_model,0.4216145362,-,True,-,bottle,bottle,18995,True,True,3,3,5,0.13333333333333333,0.34444444444444444,homonyms_only_different_pos,non-met,abs-conc,591,591,,hot,bottle
neighbors-200,wikipedia_sgns_model,0.4222627047,-,True,-,dough,dough,4970,True,True,2,0,2,0.125,0.125,poly,,abs-conc,627,474,369,hot,dough
neighbors-200,wikipedia_sgns_model,0.42297343,-,True,-,marinade,marinade,212,True,True,0,0,2,None,,poly,,conc,,,,hot,marinade
is_hot,cslb,0.4243044222,-,True,-,mug,mug,1390,True,True,3,0,5,0.125,0.22725215817321084,homonyms_only_different_pos,,abs-conc,576,527,,hot,mug
neighbors-200,wikipedia_sgns_model,0.4249964473,-,True,-,barbecue,barbecue,4038,True,True,1,0,4,0.2,0.36296296296296293,homonyms_only_different_pos,non-met,conc,,,,hot,barbecue
neighbors-200,wikipedia_sgns_model,0.4276390294,-,True,-,refrigerator,refrigerator,2812,True,True,0,1,1,1.0,1.0,mon,,conc,574,545,,hot,refrigerator
neighbors-200,wikipedia_sgns_model,0.4280156948,-,True,-,percolator,percolator,106,True,True,0,0,1,1.0,1.0,mon,,conc,,,,hot,percolator
neighbors-200,wikipedia_sgns_model,0.4290721052,-,True,-,gochujang,gochujang,128,False,False,0,0,0,None,,,,-,,,,hot,gochujang
neighbors-200,wikipedia_sgns_model,0.4351541684,-,True,-,bread,bread,24007,True,True,2,0,3,0.13333333333333333,0.13333333333333333,poly,non-met,abs-conc,622,611,,hot,bread
neighbors-200,wikipedia_sgns_model,0.4402644158,-,True,-,vaporizer,vaporizer,152,True,True,0,0,1,1.0,1.0,,,conc,,,,hot,vaporizer
neighbors-200,wikipedia_sgns_model,0.444254156,-,True,-,vinaigrette,vinaigrette,113,True,True,0,0,1,1.0,1.0,mon,,conc,,,,hot,vinaigrette
neighbors-200,wikipedia_sgns_model,0.4450981744,-,True,-,burner,burner,2661,True,True,1,0,2,0.375,0.375,mon,,conc,500,518,,hot,burner
neighbors-200,wikipedia_sgns_model,0.4458368825,-,True,-,boiler,boiler,12926,True,True,1,0,2,0.8421052631578947,0.8421052631578947,poly,,conc,,,,hot,boiler
neighbors-200,wikipedia_sgns_model,0.4493648189,-,True,-,griddle,griddle,349,True,True,0,0,2,None,,mon,,conc,,,,hot,griddle
neighbors-200,wikipedia_sgns_model,0.4531766811,-,True,-,braising,braise,145,True,False,0,0,1,1.0,1.0,mon,,-,,,,hot,braise
neighbors-200,wikipedia_sgns_model,0.4581565438,-,True,-,smoke,smoke,27545,True,True,4,15,10,0.1111111111111111,0.24208203128615213,homonyms_only_different_pos,non-met,abs-conc,541,596,228,hot,smoke
is_hot,cslb,0.4787310225,-,True,-,toaster,toaster,903,True,True,1,0,2,0.36363636363636365,0.36363636363636365,mon,,conc,579,520,,hot,toaster
neighbors-200,wikipedia_sgns_model,0.4896602207,-,True,-,buttercream,buttercream,126,False,False,0,0,0,None,,,,-,,,,hot,buttercream
neighbors-200,wikipedia_sgns_model,0.4926267861,-,True,-,cooked,cook,11563,True,True,3,5,7,0.15384615384615385,0.29563769563769554,homonyms_only_different_pos,non-met,conc-n,,,,hot,cook
neighbors-200,wikipedia_sgns_model,0.5036959982,-,True,-,cooking,cook,25185,True,True,3,5,7,0.15384615384615385,0.29563769563769554,homonyms_only_different_pos,non-met,conc-n,,,,hot,cook
pos/neg,manually_included,0.10885033792961465,,,,over,over,1916925,True,True,,,7,None,,homonyms_only_different_pos,met non-met,abs,287,589,,hot,over
pos/neg,manually_included,0.17337595554486737,,,,hear,hear,38474,True,False,,,5,0.2222222222222222,0.2868253968253968,poly,met non-met,-,394,602,,hot,hear
