filename,listnumber,assignmentid,hitid,workerid,origin,timestamp,partid,questionid,quid,description,exampletrue,examplefalse,run,sublist,completionurl,name,id,uuid,timestamp_datetime,time_taken,started_datetime,completed_datetime,duration_in_seconds,answer,relation,property,concept,f_name_full
qu70-s_qu70-batch183.csv,,NOT AVAILABLE,NOT AVAILABLE,5a5b9e11-8949-4456-bb47-fa692c0e67b5,PROLIFIC,10-Jun-2020 09:06:02,566,24412,e4d531e6-b7c1-4f13-b15f-88ffe29438f3,I think it is impossible for (a/an) frog to be yellow.,I think it is impossible for (a/an) flame to be frozen.,I think it is impossible for (a/an) book to be light.,4,1,https://app.prolific.co/submissions/complete?cc=8AD27948,Agree or disagree (run4-experiment2-batch183-70-70),213984,56b8c224-a1a6-4e18-a9d0-fb3dceeb198b,2020-06-10 09:06:02,120.959,2020-06-10 07:05:03.275000,2020-06-10 07:07:04.234000,58.725,false,impossible,yellow,frog,../data/prolific_output/run4-group_experiment2/qu70-s_qu70-batch183.csv
qu70-s_qu70-batch183.csv,,NOT AVAILABLE,NOT AVAILABLE,10dca67e-12ab-49ba-8e4a-f013f5d9a747,PROLIFIC,10-Jun-2020 09:12:18,566,24412,e4d531e6-b7c1-4f13-b15f-88ffe29438f3,I think it is impossible for (a/an) frog to be yellow.,I think it is impossible for (a/an) flame to be frozen.,I think it is impossible for (a/an) book to be light.,4,1,https://app.prolific.co/submissions/complete?cc=8AD27948,Agree or disagree (run4-experiment2-batch183-70-70),214008,68f05a9a-1492-489a-a04b-2028ab58ec29,2020-06-10 09:12:18,41.21,2020-06-10 07:12:03.378000,2020-06-10 07:12:44.588000,14.622,false,impossible,yellow,frog,../data/prolific_output/run4-group_experiment2/qu70-s_qu70-batch183.csv
qu70-s_qu70-batch183.csv,,NOT AVAILABLE,NOT AVAILABLE,925713c0-2d6c-4910-b541-e678cf440693,PROLIFIC,10-Jun-2020 08:59:59,566,24412,e4d531e6-b7c1-4f13-b15f-88ffe29438f3,I think it is impossible for (a/an) frog to be yellow.,I think it is impossible for (a/an) flame to be frozen.,I think it is impossible for (a/an) book to be light.,4,1,https://app.prolific.co/submissions/complete?cc=8AD27948,Agree or disagree (run4-experiment2-batch183-70-70),213980,38160137-8392-4fb8-a94f-f833e2db6fdc,2020-06-10 08:59:59,100.675,2020-06-10 06:58:35.507000,2020-06-10 07:00:16.182000,1.0,false,impossible,yellow,frog,../data/prolific_output/run4-group_experiment2/qu70-s_qu70-batch183.csv
qu70-s_qu70-batch183.csv,,NOT AVAILABLE,NOT AVAILABLE,0405c3e7-78bf-40c7-b8d9-f720724ce7f1,PROLIFIC,10-Jun-2020 08:45:28,566,24412,e4d531e6-b7c1-4f13-b15f-88ffe29438f3,I think it is impossible for (a/an) frog to be yellow.,I think it is impossible for (a/an) flame to be frozen.,I think it is impossible for (a/an) book to be light.,4,1,https://app.prolific.co/submissions/complete?cc=8AD27948,Agree or disagree (run4-experiment2-batch183-70-70),213975,f11b9e69-c478-41ed-ba00-874b81ae8557,2020-06-10 08:45:28,51.998,2020-06-10 06:44:51.162000,2020-06-10 06:45:43.160000,2.0,false,impossible,yellow,frog,../data/prolific_output/run4-group_experiment2/qu70-s_qu70-batch183.csv
qu70-s_qu70-batch183.csv,,NOT AVAILABLE,NOT AVAILABLE,67616648-48b2-4c7c-847c-3cfe6d860951,PROLIFIC,10-Jun-2020 09:22:24,566,24412,e4d531e6-b7c1-4f13-b15f-88ffe29438f3,I think it is impossible for (a/an) frog to be yellow.,I think it is impossible for (a/an) flame to be frozen.,I think it is impossible for (a/an) book to be light.,4,1,https://app.prolific.co/submissions/complete?cc=8AD27948,Agree or disagree (run4-experiment2-batch183-70-70),214025,2b5aa8c7-85d0-4009-acde-db5f298f8116,2020-06-10 09:22:24,230.082,2020-06-10 07:18:44.989000,2020-06-10 07:22:35.071000,15.071,false,impossible,yellow,frog,../data/prolific_output/run4-group_experiment2/qu70-s_qu70-batch183.csv
qu70-s_qu70-batch183.csv,,NOT AVAILABLE,NOT AVAILABLE,8713bc47-83eb-4eb4-a7fb-ac15b44a0c3a,PROLIFIC,10-Jun-2020 09:10:04,566,24412,e4d531e6-b7c1-4f13-b15f-88ffe29438f3,I think it is impossible for (a/an) frog to be yellow.,I think it is impossible for (a/an) flame to be frozen.,I think it is impossible for (a/an) book to be light.,4,1,https://app.prolific.co/submissions/complete?cc=8AD27948,Agree or disagree (run4-experiment2-batch183-70-70),213990,55c31376-08e8-41ed-ac3a-98d643323331,2020-06-10 09:10:04,87.417,2020-06-10 07:09:37.044000,2020-06-10 07:11:04.461000,26.956,false,impossible,yellow,frog,../data/prolific_output/run4-group_experiment2/qu70-s_qu70-batch183.csv
qu70-s_qu70-batch183.csv,,NOT AVAILABLE,NOT AVAILABLE,11274d59-5c8f-407f-823f-092832b03282,PROLIFIC,10-Jun-2020 09:16:25,566,24412,e4d531e6-b7c1-4f13-b15f-88ffe29438f3,I think it is impossible for (a/an) frog to be yellow.,I think it is impossible for (a/an) flame to be frozen.,I think it is impossible for (a/an) book to be light.,4,1,https://app.prolific.co/submissions/complete?cc=8AD27948,Agree or disagree (run4-experiment2-batch183-70-70),214019,829ff08e-f15f-47ba-8eb1-8ca840f65da4,2020-06-10 09:16:25,85.434,2020-06-10 07:15:07.685000,2020-06-10 07:16:33.119000,11.119,false,impossible,yellow,frog,../data/prolific_output/run4-group_experiment2/qu70-s_qu70-batch183.csv
qu70-s_qu70-batch183.csv,,NOT AVAILABLE,NOT AVAILABLE,bc0737bc-9dc1-4cc9-9776-697b15e532fb,PROLIFIC,10-Jun-2020 09:11:13,566,24412,e4d531e6-b7c1-4f13-b15f-88ffe29438f3,I think it is impossible for (a/an) frog to be yellow.,I think it is impossible for (a/an) flame to be frozen.,I think it is impossible for (a/an) book to be light.,4,1,https://app.prolific.co/submissions/complete?cc=8AD27948,Agree or disagree (run4-experiment2-batch183-70-70),214002,ab762f25-5735-42e8-a35d-29d54ce13a07,2020-06-10 09:11:13,84.596,2020-06-10 07:10:02.276000,2020-06-10 07:11:26.872000,3.0,false,impossible,yellow,frog,../data/prolific_output/run4-group_experiment2/qu70-s_qu70-batch183.csv
qu70-s_qu70-batch183.csv,,NOT AVAILABLE,NOT AVAILABLE,b07648e5-fd1b-48f6-b78b-db26fece8537,PROLIFIC,10-Jun-2020 08:44:06,566,24412,e4d531e6-b7c1-4f13-b15f-88ffe29438f3,I think it is impossible for (a/an) frog to be yellow.,I think it is impossible for (a/an) flame to be frozen.,I think it is impossible for (a/an) book to be light.,4,1,https://app.prolific.co/submissions/complete?cc=8AD27948,Agree or disagree (run4-experiment2-batch183-70-70),213969,77bd4c94-da02-4907-b206-44c5a8d20d7a,2020-06-10 08:44:06,62.804,2020-06-10 06:43:21.680000,2020-06-10 06:44:24.484000,5.0,false,impossible,yellow,frog,../data/prolific_output/run4-group_experiment2/qu70-s_qu70-batch183.csv
qu70-s_qu70-batch183.csv,,NOT AVAILABLE,NOT AVAILABLE,f7272e6d-6015-44e2-81ad-d0c5faf1e0a6,PROLIFIC,10-Jun-2020 09:11:03,566,24412,e4d531e6-b7c1-4f13-b15f-88ffe29438f3,I think it is impossible for (a/an) frog to be yellow.,I think it is impossible for (a/an) flame to be frozen.,I think it is impossible for (a/an) book to be light.,4,1,https://app.prolific.co/submissions/complete?cc=8AD27948,Agree or disagree (run4-experiment2-batch183-70-70),213999,51743b11-4ed8-43e3-aace-7677e1a2d18e,2020-06-10 09:11:03,175.646,2020-06-10 07:08:47.446000,2020-06-10 07:11:43.092000,26.0,false,impossible,yellow,frog,../data/prolific_output/run4-group_experiment2/qu70-s_qu70-batch183.csv
qu70-s_qu70-batch183.csv,,NOT AVAILABLE,NOT AVAILABLE,5a5b9e11-8949-4456-bb47-fa692c0e67b5,PROLIFIC,10-Jun-2020 09:06:48,566,24413,e7653317-4866-476b-a02d-37f4b757cc92,"I could say (a/an) frog is yellow, but I would most certainly not mean it literally.","I could say (a/an) anger is hot, but I would most certainly not mean it literally.
I could say (a/an) person is cold, but I would most certainly not mean it literally.
I could say (a/an) story is dark, but I would most certainly not mean it literally.","I could say (a/an) fire is hot, but I would most certainly not mean it literally.
I could say (a/an) stone is heavy, but I would most certainly not mean it literally.
I could say (a/an) argument is liquid, but I would most certainly not mean it literally.",4,1,https://app.prolific.co/submissions/complete?cc=8AD27948,Agree or disagree (run4-experiment2-batch183-70-70),213988,075d6164-9d52-42e4-ac03-b39eb53c3948,2020-06-10 09:06:48,120.959,2020-06-10 07:05:03.275000,2020-06-10 07:07:04.234000,11.0,false,creative,yellow,frog,../data/prolific_output/run4-group_experiment2/qu70-s_qu70-batch183.csv
qu70-s_qu70-batch183.csv,,NOT AVAILABLE,NOT AVAILABLE,10dca67e-12ab-49ba-8e4a-f013f5d9a747,PROLIFIC,10-Jun-2020 09:12:31,566,24413,e7653317-4866-476b-a02d-37f4b757cc92,"I could say (a/an) frog is yellow, but I would most certainly not mean it literally.","I could say (a/an) anger is hot, but I would most certainly not mean it literally.
I could say (a/an) person is cold, but I would most certainly not mean it literally.
I could say (a/an) story is dark, but I would most certainly not mean it literally.","I could say (a/an) fire is hot, but I would most certainly not mean it literally.
I could say (a/an) stone is heavy, but I would most certainly not mean it literally.
I could say (a/an) argument is liquid, but I would most certainly not mean it literally.",4,1,https://app.prolific.co/submissions/complete?cc=8AD27948,Agree or disagree (run4-experiment2-batch183-70-70),214011,e776bddd-b3ff-4969-94d5-d74c330a2e93,2020-06-10 09:12:31,41.21,2020-06-10 07:12:03.378000,2020-06-10 07:12:44.588000,3.0,false,creative,yellow,frog,../data/prolific_output/run4-group_experiment2/qu70-s_qu70-batch183.csv
qu70-s_qu70-batch183.csv,,NOT AVAILABLE,NOT AVAILABLE,925713c0-2d6c-4910-b541-e678cf440693,PROLIFIC,10-Jun-2020 08:59:13,566,24413,e7653317-4866-476b-a02d-37f4b757cc92,"I could say (a/an) frog is yellow, but I would most certainly not mean it literally.","I could say (a/an) anger is hot, but I would most certainly not mean it literally.
I could say (a/an) person is cold, but I would most certainly not mean it literally.
I could say (a/an) story is dark, but I would most certainly not mean it literally.","I could say (a/an) fire is hot, but I would most certainly not mean it literally.
I could say (a/an) stone is heavy, but I would most certainly not mean it literally.
I could say (a/an) argument is liquid, but I would most certainly not mean it literally.",4,1,https://app.prolific.co/submissions/complete?cc=8AD27948,Agree or disagree (run4-experiment2-batch183-70-70),213978,931b6ee5-f571-4c74-8fbd-7c50dc51a683,2020-06-10 08:59:13,100.675,2020-06-10 06:58:35.507000,2020-06-10 07:00:16.182000,37.493,false,creative,yellow,frog,../data/prolific_output/run4-group_experiment2/qu70-s_qu70-batch183.csv
qu70-s_qu70-batch183.csv,,NOT AVAILABLE,NOT AVAILABLE,0405c3e7-78bf-40c7-b8d9-f720724ce7f1,PROLIFIC,10-Jun-2020 08:45:19,566,24413,e7653317-4866-476b-a02d-37f4b757cc92,"I could say (a/an) frog is yellow, but I would most certainly not mean it literally.","I could say (a/an) anger is hot, but I would most certainly not mean it literally.
I could say (a/an) person is cold, but I would most certainly not mean it literally.
I could say (a/an) story is dark, but I would most certainly not mean it literally.","I could say (a/an) fire is hot, but I would most certainly not mean it literally.
I could say (a/an) stone is heavy, but I would most certainly not mean it literally.
I could say (a/an) argument is liquid, but I would most certainly not mean it literally.",4,1,https://app.prolific.co/submissions/complete?cc=8AD27948,Agree or disagree (run4-experiment2-batch183-70-70),213972,86316db4-9376-42a2-a641-341fe30fc880,2020-06-10 08:45:19,51.998,2020-06-10 06:44:51.162000,2020-06-10 06:45:43.160000,27.838,true,creative,yellow,frog,../data/prolific_output/run4-group_experiment2/qu70-s_qu70-batch183.csv
qu70-s_qu70-batch183.csv,,NOT AVAILABLE,NOT AVAILABLE,67616648-48b2-4c7c-847c-3cfe6d860951,PROLIFIC,10-Jun-2020 09:22:14,566,24413,e7653317-4866-476b-a02d-37f4b757cc92,"I could say (a/an) frog is yellow, but I would most certainly not mean it literally.","I could say (a/an) anger is hot, but I would most certainly not mean it literally.
I could say (a/an) person is cold, but I would most certainly not mean it literally.
I could say (a/an) story is dark, but I would most certainly not mean it literally.","I could say (a/an) fire is hot, but I would most certainly not mean it literally.
I could say (a/an) stone is heavy, but I would most certainly not mean it literally.
I could say (a/an) argument is liquid, but I would most certainly not mean it literally.",4,1,https://app.prolific.co/submissions/complete?cc=8AD27948,Agree or disagree (run4-experiment2-batch183-70-70),214023,bf5bb40f-c4ca-4b40-bbf0-1d48819a5f68,2020-06-10 09:22:14,230.082,2020-06-10 07:18:44.989000,2020-06-10 07:22:35.071000,15.0,false,creative,yellow,frog,../data/prolific_output/run4-group_experiment2/qu70-s_qu70-batch183.csv
qu70-s_qu70-batch183.csv,,NOT AVAILABLE,NOT AVAILABLE,8713bc47-83eb-4eb4-a7fb-ac15b44a0c3a,PROLIFIC,10-Jun-2020 09:10:50,566,24413,e7653317-4866-476b-a02d-37f4b757cc92,"I could say (a/an) frog is yellow, but I would most certainly not mean it literally.","I could say (a/an) anger is hot, but I would most certainly not mean it literally.
I could say (a/an) person is cold, but I would most certainly not mean it literally.
I could say (a/an) story is dark, but I would most certainly not mean it literally.","I could say (a/an) fire is hot, but I would most certainly not mean it literally.
I could say (a/an) stone is heavy, but I would most certainly not mean it literally.
I could say (a/an) argument is liquid, but I would most certainly not mean it literally.",4,1,https://app.prolific.co/submissions/complete?cc=8AD27948,Agree or disagree (run4-experiment2-batch183-70-70),213996,6e47d583-71e3-423b-a81b-06508697837a,2020-06-10 09:10:50,87.417,2020-06-10 07:09:37.044000,2020-06-10 07:11:04.461000,4.0,false,creative,yellow,frog,../data/prolific_output/run4-group_experiment2/qu70-s_qu70-batch183.csv
qu70-s_qu70-batch183.csv,,NOT AVAILABLE,NOT AVAILABLE,11274d59-5c8f-407f-823f-092832b03282,PROLIFIC,10-Jun-2020 09:16:10,566,24413,e7653317-4866-476b-a02d-37f4b757cc92,"I could say (a/an) frog is yellow, but I would most certainly not mean it literally.","I could say (a/an) anger is hot, but I would most certainly not mean it literally.
I could say (a/an) person is cold, but I would most certainly not mean it literally.
I could say (a/an) story is dark, but I would most certainly not mean it literally.","I could say (a/an) fire is hot, but I would most certainly not mean it literally.
I could say (a/an) stone is heavy, but I would most certainly not mean it literally.
I could say (a/an) argument is liquid, but I would most certainly not mean it literally.",4,1,https://app.prolific.co/submissions/complete?cc=8AD27948,Agree or disagree (run4-experiment2-batch183-70-70),214016,0c8bc5e4-74ff-4ff8-ac84-a6f7f65a3828,2020-06-10 09:16:10,85.434,2020-06-10 07:15:07.685000,2020-06-10 07:16:33.119000,11.0,false,creative,yellow,frog,../data/prolific_output/run4-group_experiment2/qu70-s_qu70-batch183.csv
qu70-s_qu70-batch183.csv,,NOT AVAILABLE,NOT AVAILABLE,bc0737bc-9dc1-4cc9-9776-697b15e532fb,PROLIFIC,10-Jun-2020 09:11:17,566,24413,e7653317-4866-476b-a02d-37f4b757cc92,"I could say (a/an) frog is yellow, but I would most certainly not mean it literally.","I could say (a/an) anger is hot, but I would most certainly not mean it literally.
I could say (a/an) person is cold, but I would most certainly not mean it literally.
I could say (a/an) story is dark, but I would most certainly not mean it literally.","I could say (a/an) fire is hot, but I would most certainly not mean it literally.
I could say (a/an) stone is heavy, but I would most certainly not mean it literally.
I could say (a/an) argument is liquid, but I would most certainly not mean it literally.",4,1,https://app.prolific.co/submissions/complete?cc=8AD27948,Agree or disagree (run4-experiment2-batch183-70-70),214003,9b8ac539-7258-4936-9c6d-39615ad71072,2020-06-10 09:11:17,84.596,2020-06-10 07:10:02.276000,2020-06-10 07:11:26.872000,4.0,false,creative,yellow,frog,../data/prolific_output/run4-group_experiment2/qu70-s_qu70-batch183.csv
qu70-s_qu70-batch183.csv,,NOT AVAILABLE,NOT AVAILABLE,b07648e5-fd1b-48f6-b78b-db26fece8537,PROLIFIC,10-Jun-2020 08:43:47,566,24413,e7653317-4866-476b-a02d-37f4b757cc92,"I could say (a/an) frog is yellow, but I would most certainly not mean it literally.","I could say (a/an) anger is hot, but I would most certainly not mean it literally.
I could say (a/an) person is cold, but I would most certainly not mean it literally.
I could say (a/an) story is dark, but I would most certainly not mean it literally.","I could say (a/an) fire is hot, but I would most certainly not mean it literally.
I could say (a/an) stone is heavy, but I would most certainly not mean it literally.
I could say (a/an) argument is liquid, but I would most certainly not mean it literally.",4,1,https://app.prolific.co/submissions/complete?cc=8AD27948,Agree or disagree (run4-experiment2-batch183-70-70),213966,0af7fa16-c4e8-4a0a-b21a-2cf87467a1d7,2020-06-10 08:43:47,62.804,2020-06-10 06:43:21.680000,2020-06-10 06:44:24.484000,25.32,false,creative,yellow,frog,../data/prolific_output/run4-group_experiment2/qu70-s_qu70-batch183.csv
qu70-s_qu70-batch183.csv,,NOT AVAILABLE,NOT AVAILABLE,f7272e6d-6015-44e2-81ad-d0c5faf1e0a6,PROLIFIC,10-Jun-2020 09:11:21,566,24413,e7653317-4866-476b-a02d-37f4b757cc92,"I could say (a/an) frog is yellow, but I would most certainly not mean it literally.","I could say (a/an) anger is hot, but I would most certainly not mean it literally.
I could say (a/an) person is cold, but I would most certainly not mean it literally.
I could say (a/an) story is dark, but I would most certainly not mean it literally.","I could say (a/an) fire is hot, but I would most certainly not mean it literally.
I could say (a/an) stone is heavy, but I would most certainly not mean it literally.
I could say (a/an) argument is liquid, but I would most certainly not mean it literally.",4,1,https://app.prolific.co/submissions/complete?cc=8AD27948,Agree or disagree (run4-experiment2-batch183-70-70),214004,3ffeb26a-4372-4fab-9d01-00e346fbd739,2020-06-10 09:11:21,175.646,2020-06-10 07:08:47.446000,2020-06-10 07:11:43.092000,18.0,false,creative,yellow,frog,../data/prolific_output/run4-group_experiment2/qu70-s_qu70-batch183.csv
qu70-s_qu70-batch183.csv,,NOT AVAILABLE,NOT AVAILABLE,5a5b9e11-8949-4456-bb47-fa692c0e67b5,PROLIFIC,10-Jun-2020 09:06:59,566,24414,8f0ebadd-b1f1-4422-a576-75c880f97832,"I think (a/an) frog can be yellow, but this is rare or uncommon.","I think (a/an) rose can be black, but this is rare or uncommon.","I think (a/an) rose can be yellow, but this is rare or uncommon.",4,1,https://app.prolific.co/submissions/complete?cc=8AD27948,Agree or disagree (run4-experiment2-batch183-70-70),213989,472ac01c-a549-49d6-bcc0-b949ef88faa5,2020-06-10 09:06:59,120.959,2020-06-10 07:05:03.275000,2020-06-10 07:07:04.234000,16.234,true,rare,yellow,frog,../data/prolific_output/run4-group_experiment2/qu70-s_qu70-batch183.csv
qu70-s_qu70-batch183.csv,,NOT AVAILABLE,NOT AVAILABLE,10dca67e-12ab-49ba-8e4a-f013f5d9a747,PROLIFIC,10-Jun-2020 09:12:28,566,24414,8f0ebadd-b1f1-4422-a576-75c880f97832,"I think (a/an) frog can be yellow, but this is rare or uncommon.","I think (a/an) rose can be black, but this is rare or uncommon.","I think (a/an) rose can be yellow, but this is rare or uncommon.",4,1,https://app.prolific.co/submissions/complete?cc=8AD27948,Agree or disagree (run4-experiment2-batch183-70-70),214010,9de6de48-2dc8-4779-8f4c-26ef6a1c189b,2020-06-10 09:12:28,41.21,2020-06-10 07:12:03.378000,2020-06-10 07:12:44.588000,3.0,true,rare,yellow,frog,../data/prolific_output/run4-group_experiment2/qu70-s_qu70-batch183.csv
qu70-s_qu70-batch183.csv,,NOT AVAILABLE,NOT AVAILABLE,925713c0-2d6c-4910-b541-e678cf440693,PROLIFIC,10-Jun-2020 09:00:04,566,24414,8f0ebadd-b1f1-4422-a576-75c880f97832,"I think (a/an) frog can be yellow, but this is rare or uncommon.","I think (a/an) rose can be black, but this is rare or uncommon.","I think (a/an) rose can be yellow, but this is rare or uncommon.",4,1,https://app.prolific.co/submissions/complete?cc=8AD27948,Agree or disagree (run4-experiment2-batch183-70-70),213981,4ae901bf-9621-47fb-b9e9-f4923232cb2f,2020-06-10 09:00:04,100.675,2020-06-10 06:58:35.507000,2020-06-10 07:00:16.182000,5.0,true,rare,yellow,frog,../data/prolific_output/run4-group_experiment2/qu70-s_qu70-batch183.csv
qu70-s_qu70-batch183.csv,,NOT AVAILABLE,NOT AVAILABLE,0405c3e7-78bf-40c7-b8d9-f720724ce7f1,PROLIFIC,10-Jun-2020 08:45:21,566,24414,8f0ebadd-b1f1-4422-a576-75c880f97832,"I think (a/an) frog can be yellow, but this is rare or uncommon.","I think (a/an) rose can be black, but this is rare or uncommon.","I think (a/an) rose can be yellow, but this is rare or uncommon.",4,1,https://app.prolific.co/submissions/complete?cc=8AD27948,Agree or disagree (run4-experiment2-batch183-70-70),213973,6102bdab-4346-4028-834f-881d294ab868,2020-06-10 08:45:21,51.998,2020-06-10 06:44:51.162000,2020-06-10 06:45:43.160000,2.0,true,rare,yellow,frog,../data/prolific_output/run4-group_experiment2/qu70-s_qu70-batch183.csv
qu70-s_qu70-batch183.csv,,NOT AVAILABLE,NOT AVAILABLE,67616648-48b2-4c7c-847c-3cfe6d860951,PROLIFIC,10-Jun-2020 09:21:52,566,24414,8f0ebadd-b1f1-4422-a576-75c880f97832,"I think (a/an) frog can be yellow, but this is rare or uncommon.","I think (a/an) rose can be black, but this is rare or uncommon.","I think (a/an) rose can be yellow, but this is rare or uncommon.",4,1,https://app.prolific.co/submissions/complete?cc=8AD27948,Agree or disagree (run4-experiment2-batch183-70-70),214021,2683e8ef-c04f-4efb-9ddb-6575e6bc2cb1,2020-06-10 09:21:52,230.082,2020-06-10 07:18:44.989000,2020-06-10 07:22:35.071000,6.0,false,rare,yellow,frog,../data/prolific_output/run4-group_experiment2/qu70-s_qu70-batch183.csv
qu70-s_qu70-batch183.csv,,NOT AVAILABLE,NOT AVAILABLE,8713bc47-83eb-4eb4-a7fb-ac15b44a0c3a,PROLIFIC,10-Jun-2020 09:10:46,566,24414,8f0ebadd-b1f1-4422-a576-75c880f97832,"I think (a/an) frog can be yellow, but this is rare or uncommon.","I think (a/an) rose can be black, but this is rare or uncommon.","I think (a/an) rose can be yellow, but this is rare or uncommon.",4,1,https://app.prolific.co/submissions/complete?cc=8AD27948,Agree or disagree (run4-experiment2-batch183-70-70),213995,29c5146c-f32e-4d8b-8283-4a6e12dcaf07,2020-06-10 09:10:46,87.417,2020-06-10 07:09:37.044000,2020-06-10 07:11:04.461000,4.0,true,rare,yellow,frog,../data/prolific_output/run4-group_experiment2/qu70-s_qu70-batch183.csv
qu70-s_qu70-batch183.csv,,NOT AVAILABLE,NOT AVAILABLE,11274d59-5c8f-407f-823f-092832b03282,PROLIFIC,10-Jun-2020 09:16:22,566,24414,8f0ebadd-b1f1-4422-a576-75c880f97832,"I think (a/an) frog can be yellow, but this is rare or uncommon.","I think (a/an) rose can be black, but this is rare or uncommon.","I think (a/an) rose can be yellow, but this is rare or uncommon.",4,1,https://app.prolific.co/submissions/complete?cc=8AD27948,Agree or disagree (run4-experiment2-batch183-70-70),214018,863c8162-26b4-4c6e-b786-fd5483c17a6c,2020-06-10 09:16:22,85.434,2020-06-10 07:15:07.685000,2020-06-10 07:16:33.119000,5.0,false,rare,yellow,frog,../data/prolific_output/run4-group_experiment2/qu70-s_qu70-batch183.csv
qu70-s_qu70-batch183.csv,,NOT AVAILABLE,NOT AVAILABLE,bc0737bc-9dc1-4cc9-9776-697b15e532fb,PROLIFIC,10-Jun-2020 09:11:10,566,24414,8f0ebadd-b1f1-4422-a576-75c880f97832,"I think (a/an) frog can be yellow, but this is rare or uncommon.","I think (a/an) rose can be black, but this is rare or uncommon.","I think (a/an) rose can be yellow, but this is rare or uncommon.",4,1,https://app.prolific.co/submissions/complete?cc=8AD27948,Agree or disagree (run4-experiment2-batch183-70-70),214001,5597fe1f-4067-4481-b404-488b0dff634b,2020-06-10 09:11:10,84.596,2020-06-10 07:10:02.276000,2020-06-10 07:11:26.872000,4.0,true,rare,yellow,frog,../data/prolific_output/run4-group_experiment2/qu70-s_qu70-batch183.csv
qu70-s_qu70-batch183.csv,,NOT AVAILABLE,NOT AVAILABLE,b07648e5-fd1b-48f6-b78b-db26fece8537,PROLIFIC,10-Jun-2020 08:44:18,566,24414,8f0ebadd-b1f1-4422-a576-75c880f97832,"I think (a/an) frog can be yellow, but this is rare or uncommon.","I think (a/an) rose can be black, but this is rare or uncommon.","I think (a/an) rose can be yellow, but this is rare or uncommon.",4,1,https://app.prolific.co/submissions/complete?cc=8AD27948,Agree or disagree (run4-experiment2-batch183-70-70),213971,e7d8256d-9d8c-4345-a7c3-9f135945ac9f,2020-06-10 08:44:18,62.804,2020-06-10 06:43:21.680000,2020-06-10 06:44:24.484000,13.484,false,rare,yellow,frog,../data/prolific_output/run4-group_experiment2/qu70-s_qu70-batch183.csv
qu70-s_qu70-batch183.csv,,NOT AVAILABLE,NOT AVAILABLE,f7272e6d-6015-44e2-81ad-d0c5faf1e0a6,PROLIFIC,10-Jun-2020 09:11:38,566,24414,8f0ebadd-b1f1-4422-a576-75c880f97832,"I think (a/an) frog can be yellow, but this is rare or uncommon.","I think (a/an) rose can be black, but this is rare or uncommon.","I think (a/an) rose can be yellow, but this is rare or uncommon.",4,1,https://app.prolific.co/submissions/complete?cc=8AD27948,Agree or disagree (run4-experiment2-batch183-70-70),214007,edcf4878-e555-4cb3-a3b1-f6510f695706,2020-06-10 09:11:38,175.646,2020-06-10 07:08:47.446000,2020-06-10 07:11:43.092000,12.092,true,rare,yellow,frog,../data/prolific_output/run4-group_experiment2/qu70-s_qu70-batch183.csv
qu70-s_qu70-batch183.csv,,NOT AVAILABLE,NOT AVAILABLE,5a5b9e11-8949-4456-bb47-fa692c0e67b5,PROLIFIC,10-Jun-2020 09:06:13,566,24415,01091201-fe47-4afd-99a4-fb3277737396,"Usually, (a/an) frog is not yellow, but there could be a highly unusual situation in which (a/an) frog is yellow.","Usually, (a/an) dog is not green, but there could be a highly unusual situation in which (a/an) dog is green.","Usually, (a/an) razor is not sharp, but there could be a highly unusual situation in which (a/an) razor is sharp.",4,1,https://app.prolific.co/submissions/complete?cc=8AD27948,Agree or disagree (run4-experiment2-batch183-70-70),213985,f48fd7a2-f566-4c9c-8c31-87a6a04227ff,2020-06-10 09:06:13,120.959,2020-06-10 07:05:03.275000,2020-06-10 07:07:04.234000,11.0,true,unusual,yellow,frog,../data/prolific_output/run4-group_experiment2/qu70-s_qu70-batch183.csv
qu70-s_qu70-batch183.csv,,NOT AVAILABLE,NOT AVAILABLE,10dca67e-12ab-49ba-8e4a-f013f5d9a747,PROLIFIC,10-Jun-2020 09:12:35,566,24415,01091201-fe47-4afd-99a4-fb3277737396,"Usually, (a/an) frog is not yellow, but there could be a highly unusual situation in which (a/an) frog is yellow.","Usually, (a/an) dog is not green, but there could be a highly unusual situation in which (a/an) dog is green.","Usually, (a/an) razor is not sharp, but there could be a highly unusual situation in which (a/an) razor is sharp.",4,1,https://app.prolific.co/submissions/complete?cc=8AD27948,Agree or disagree (run4-experiment2-batch183-70-70),214012,e5cc2f20-07e4-47af-89d6-8784f2ce8a35,2020-06-10 09:12:35,41.21,2020-06-10 07:12:03.378000,2020-06-10 07:12:44.588000,4.0,true,unusual,yellow,frog,../data/prolific_output/run4-group_experiment2/qu70-s_qu70-batch183.csv
qu70-s_qu70-batch183.csv,,NOT AVAILABLE,NOT AVAILABLE,925713c0-2d6c-4910-b541-e678cf440693,PROLIFIC,10-Jun-2020 08:59:58,566,24415,01091201-fe47-4afd-99a4-fb3277737396,"Usually, (a/an) frog is not yellow, but there could be a highly unusual situation in which (a/an) frog is yellow.","Usually, (a/an) dog is not green, but there could be a highly unusual situation in which (a/an) dog is green.","Usually, (a/an) razor is not sharp, but there could be a highly unusual situation in which (a/an) razor is sharp.",4,1,https://app.prolific.co/submissions/complete?cc=8AD27948,Agree or disagree (run4-experiment2-batch183-70-70),213979,4afd07bb-7fb2-40de-85f5-24a7976c5f7a,2020-06-10 08:59:58,100.675,2020-06-10 06:58:35.507000,2020-06-10 07:00:16.182000,45.0,false,unusual,yellow,frog,../data/prolific_output/run4-group_experiment2/qu70-s_qu70-batch183.csv
qu70-s_qu70-batch183.csv,,NOT AVAILABLE,NOT AVAILABLE,0405c3e7-78bf-40c7-b8d9-f720724ce7f1,PROLIFIC,10-Jun-2020 08:45:34,566,24415,01091201-fe47-4afd-99a4-fb3277737396,"Usually, (a/an) frog is not yellow, but there could be a highly unusual situation in which (a/an) frog is yellow.","Usually, (a/an) dog is not green, but there could be a highly unusual situation in which (a/an) dog is green.","Usually, (a/an) razor is not sharp, but there could be a highly unusual situation in which (a/an) razor is sharp.",4,1,https://app.prolific.co/submissions/complete?cc=8AD27948,Agree or disagree (run4-experiment2-batch183-70-70),213977,00c243df-8540-4a88-9720-f9b7359aa6a0,2020-06-10 08:45:34,51.998,2020-06-10 06:44:51.162000,2020-06-10 06:45:43.160000,11.16,true,unusual,yellow,frog,../data/prolific_output/run4-group_experiment2/qu70-s_qu70-batch183.csv
qu70-s_qu70-batch183.csv,,NOT AVAILABLE,NOT AVAILABLE,67616648-48b2-4c7c-847c-3cfe6d860951,PROLIFIC,10-Jun-2020 09:21:46,566,24415,01091201-fe47-4afd-99a4-fb3277737396,"Usually, (a/an) frog is not yellow, but there could be a highly unusual situation in which (a/an) frog is yellow.","Usually, (a/an) dog is not green, but there could be a highly unusual situation in which (a/an) dog is green.","Usually, (a/an) razor is not sharp, but there could be a highly unusual situation in which (a/an) razor is sharp.",4,1,https://app.prolific.co/submissions/complete?cc=8AD27948,Agree or disagree (run4-experiment2-batch183-70-70),214020,7cb975ac-a479-4496-bf1b-46b702103b11,2020-06-10 09:21:46,230.082,2020-06-10 07:18:44.989000,2020-06-10 07:22:35.071000,181.011,false,unusual,yellow,frog,../data/prolific_output/run4-group_experiment2/qu70-s_qu70-batch183.csv
qu70-s_qu70-batch183.csv,,NOT AVAILABLE,NOT AVAILABLE,8713bc47-83eb-4eb4-a7fb-ac15b44a0c3a,PROLIFIC,10-Jun-2020 09:10:36,566,24415,01091201-fe47-4afd-99a4-fb3277737396,"Usually, (a/an) frog is not yellow, but there could be a highly unusual situation in which (a/an) frog is yellow.","Usually, (a/an) dog is not green, but there could be a highly unusual situation in which (a/an) dog is green.","Usually, (a/an) razor is not sharp, but there could be a highly unusual situation in which (a/an) razor is sharp.",4,1,https://app.prolific.co/submissions/complete?cc=8AD27948,Agree or disagree (run4-experiment2-batch183-70-70),213992,2e90b882-2809-43fe-8878-c52645e57d3e,2020-06-10 09:10:36,87.417,2020-06-10 07:09:37.044000,2020-06-10 07:11:04.461000,32.0,true,unusual,yellow,frog,../data/prolific_output/run4-group_experiment2/qu70-s_qu70-batch183.csv
qu70-s_qu70-batch183.csv,,NOT AVAILABLE,NOT AVAILABLE,11274d59-5c8f-407f-823f-092832b03282,PROLIFIC,10-Jun-2020 09:15:50,566,24415,01091201-fe47-4afd-99a4-fb3277737396,"Usually, (a/an) frog is not yellow, but there could be a highly unusual situation in which (a/an) frog is yellow.","Usually, (a/an) dog is not green, but there could be a highly unusual situation in which (a/an) dog is green.","Usually, (a/an) razor is not sharp, but there could be a highly unusual situation in which (a/an) razor is sharp.",4,1,https://app.prolific.co/submissions/complete?cc=8AD27948,Agree or disagree (run4-experiment2-batch183-70-70),214014,971babc9-277e-4a0a-a7c9-ff896b362447,2020-06-10 09:15:50,85.434,2020-06-10 07:15:07.685000,2020-06-10 07:16:33.119000,42.315,false,unusual,yellow,frog,../data/prolific_output/run4-group_experiment2/qu70-s_qu70-batch183.csv
qu70-s_qu70-batch183.csv,,NOT AVAILABLE,NOT AVAILABLE,bc0737bc-9dc1-4cc9-9776-697b15e532fb,PROLIFIC,10-Jun-2020 09:11:22,566,24415,01091201-fe47-4afd-99a4-fb3277737396,"Usually, (a/an) frog is not yellow, but there could be a highly unusual situation in which (a/an) frog is yellow.","Usually, (a/an) dog is not green, but there could be a highly unusual situation in which (a/an) dog is green.","Usually, (a/an) razor is not sharp, but there could be a highly unusual situation in which (a/an) razor is sharp.",4,1,https://app.prolific.co/submissions/complete?cc=8AD27948,Agree or disagree (run4-experiment2-batch183-70-70),214005,ae2efd23-c256-4e9c-b1d6-34bb767dcf19,2020-06-10 09:11:22,84.596,2020-06-10 07:10:02.276000,2020-06-10 07:11:26.872000,9.872,false,unusual,yellow,frog,../data/prolific_output/run4-group_experiment2/qu70-s_qu70-batch183.csv
qu70-s_qu70-batch183.csv,,NOT AVAILABLE,NOT AVAILABLE,b07648e5-fd1b-48f6-b78b-db26fece8537,PROLIFIC,10-Jun-2020 08:43:52,566,24415,01091201-fe47-4afd-99a4-fb3277737396,"Usually, (a/an) frog is not yellow, but there could be a highly unusual situation in which (a/an) frog is yellow.","Usually, (a/an) dog is not green, but there could be a highly unusual situation in which (a/an) dog is green.","Usually, (a/an) razor is not sharp, but there could be a highly unusual situation in which (a/an) razor is sharp.",4,1,https://app.prolific.co/submissions/complete?cc=8AD27948,Agree or disagree (run4-experiment2-batch183-70-70),213967,25c8ce60-1f1b-4fe5-95ee-58b69dee9ac9,2020-06-10 08:43:52,62.804,2020-06-10 06:43:21.680000,2020-06-10 06:44:24.484000,5.0,true,unusual,yellow,frog,../data/prolific_output/run4-group_experiment2/qu70-s_qu70-batch183.csv
qu70-s_qu70-batch183.csv,,NOT AVAILABLE,NOT AVAILABLE,f7272e6d-6015-44e2-81ad-d0c5faf1e0a6,PROLIFIC,10-Jun-2020 09:10:37,566,24415,01091201-fe47-4afd-99a4-fb3277737396,"Usually, (a/an) frog is not yellow, but there could be a highly unusual situation in which (a/an) frog is yellow.","Usually, (a/an) dog is not green, but there could be a highly unusual situation in which (a/an) dog is green.","Usually, (a/an) razor is not sharp, but there could be a highly unusual situation in which (a/an) razor is sharp.",4,1,https://app.prolific.co/submissions/complete?cc=8AD27948,Agree or disagree (run4-experiment2-batch183-70-70),213993,1c26a1f6-b977-43c0-8acd-dd45fdb6f4bd,2020-06-10 09:10:37,175.646,2020-06-10 07:08:47.446000,2020-06-10 07:11:43.092000,17.0,true,unusual,yellow,frog,../data/prolific_output/run4-group_experiment2/qu70-s_qu70-batch183.csv
qu70-s_qu70-batch183.csv,,NOT AVAILABLE,NOT AVAILABLE,5a5b9e11-8949-4456-bb47-fa692c0e67b5,PROLIFIC,10-Jun-2020 09:06:21,566,24416,check1,I am still paying attention to this task.,The earth is round. ,The earth is flat.,4,1,https://app.prolific.co/submissions/complete?cc=8AD27948,Agree or disagree (run4-experiment2-batch183-70-70),213986,190a634c-6b64-44c0-8482-0f6b67fd16c6,2020-06-10 09:06:21,120.959,2020-06-10 07:05:03.275000,2020-06-10 07:07:04.234000,8.0,true,_check,_check1,_check1,../data/prolific_output/run4-group_experiment2/qu70-s_qu70-batch183.csv
qu70-s_qu70-batch183.csv,,NOT AVAILABLE,NOT AVAILABLE,10dca67e-12ab-49ba-8e4a-f013f5d9a747,PROLIFIC,10-Jun-2020 09:12:37,566,24416,check1,I am still paying attention to this task.,The earth is round. ,The earth is flat.,4,1,https://app.prolific.co/submissions/complete?cc=8AD27948,Agree or disagree (run4-experiment2-batch183-70-70),214013,ae120acb-56ac-4f2b-b635-110bd3888c77,2020-06-10 09:12:37,41.21,2020-06-10 07:12:03.378000,2020-06-10 07:12:44.588000,9.588,true,_check,_check1,_check1,../data/prolific_output/run4-group_experiment2/qu70-s_qu70-batch183.csv
qu70-s_qu70-batch183.csv,,NOT AVAILABLE,NOT AVAILABLE,925713c0-2d6c-4910-b541-e678cf440693,PROLIFIC,10-Jun-2020 09:00:07,566,24416,check1,I am still paying attention to this task.,The earth is round. ,The earth is flat.,4,1,https://app.prolific.co/submissions/complete?cc=8AD27948,Agree or disagree (run4-experiment2-batch183-70-70),213982,f3cf9767-3b46-4877-ae96-8b19f3931b47,2020-06-10 09:00:07,100.675,2020-06-10 06:58:35.507000,2020-06-10 07:00:16.182000,3.0,true,_check,_check1,_check1,../data/prolific_output/run4-group_experiment2/qu70-s_qu70-batch183.csv
qu70-s_qu70-batch183.csv,,NOT AVAILABLE,NOT AVAILABLE,0405c3e7-78bf-40c7-b8d9-f720724ce7f1,PROLIFIC,10-Jun-2020 08:45:32,566,24416,check1,I am still paying attention to this task.,The earth is round. ,The earth is flat.,4,1,https://app.prolific.co/submissions/complete?cc=8AD27948,Agree or disagree (run4-experiment2-batch183-70-70),213976,851ea503-4161-49f3-9f3a-64720c14c473,2020-06-10 08:45:32,51.998,2020-06-10 06:44:51.162000,2020-06-10 06:45:43.160000,4.0,true,_check,_check1,_check1,../data/prolific_output/run4-group_experiment2/qu70-s_qu70-batch183.csv
qu70-s_qu70-batch183.csv,,NOT AVAILABLE,NOT AVAILABLE,67616648-48b2-4c7c-847c-3cfe6d860951,PROLIFIC,10-Jun-2020 09:22:20,566,24416,check1,I am still paying attention to this task.,The earth is round. ,The earth is flat.,4,1,https://app.prolific.co/submissions/complete?cc=8AD27948,Agree or disagree (run4-experiment2-batch183-70-70),214024,ab1c32d4-8401-416f-bfbb-b7cf4c336f5b,2020-06-10 09:22:20,230.082,2020-06-10 07:18:44.989000,2020-06-10 07:22:35.071000,6.0,true,_check,_check1,_check1,../data/prolific_output/run4-group_experiment2/qu70-s_qu70-batch183.csv
qu70-s_qu70-batch183.csv,,NOT AVAILABLE,NOT AVAILABLE,8713bc47-83eb-4eb4-a7fb-ac15b44a0c3a,PROLIFIC,10-Jun-2020 09:10:42,566,24416,check1,I am still paying attention to this task.,The earth is round. ,The earth is flat.,4,1,https://app.prolific.co/submissions/complete?cc=8AD27948,Agree or disagree (run4-experiment2-batch183-70-70),213994,c4e759be-cdbf-48a5-b644-2fd70e93d438,2020-06-10 09:10:42,87.417,2020-06-10 07:09:37.044000,2020-06-10 07:11:04.461000,6.0,true,_check,_check1,_check1,../data/prolific_output/run4-group_experiment2/qu70-s_qu70-batch183.csv
qu70-s_qu70-batch183.csv,,NOT AVAILABLE,NOT AVAILABLE,11274d59-5c8f-407f-823f-092832b03282,PROLIFIC,10-Jun-2020 09:15:59,566,24416,check1,I am still paying attention to this task.,The earth is round. ,The earth is flat.,4,1,https://app.prolific.co/submissions/complete?cc=8AD27948,Agree or disagree (run4-experiment2-batch183-70-70),214015,07d3aa05-49cc-4718-a260-63a83a860289,2020-06-10 09:15:59,85.434,2020-06-10 07:15:07.685000,2020-06-10 07:16:33.119000,9.0,true,_check,_check1,_check1,../data/prolific_output/run4-group_experiment2/qu70-s_qu70-batch183.csv
qu70-s_qu70-batch183.csv,,NOT AVAILABLE,NOT AVAILABLE,bc0737bc-9dc1-4cc9-9776-697b15e532fb,PROLIFIC,10-Jun-2020 09:11:06,566,24416,check1,I am still paying attention to this task.,The earth is round. ,The earth is flat.,4,1,https://app.prolific.co/submissions/complete?cc=8AD27948,Agree or disagree (run4-experiment2-batch183-70-70),214000,53d6ad06-e291-4a1d-b9ee-a7179b38b3a8,2020-06-10 09:11:06,84.596,2020-06-10 07:10:02.276000,2020-06-10 07:11:26.872000,4.0,true,_check,_check1,_check1,../data/prolific_output/run4-group_experiment2/qu70-s_qu70-batch183.csv
qu70-s_qu70-batch183.csv,,NOT AVAILABLE,NOT AVAILABLE,b07648e5-fd1b-48f6-b78b-db26fece8537,PROLIFIC,10-Jun-2020 08:44:11,566,24416,check1,I am still paying attention to this task.,The earth is round. ,The earth is flat.,4,1,https://app.prolific.co/submissions/complete?cc=8AD27948,Agree or disagree (run4-experiment2-batch183-70-70),213970,d138a437-4817-4ee0-9cda-aeae5fb37fef,2020-06-10 08:44:11,62.804,2020-06-10 06:43:21.680000,2020-06-10 06:44:24.484000,5.0,true,_check,_check1,_check1,../data/prolific_output/run4-group_experiment2/qu70-s_qu70-batch183.csv
qu70-s_qu70-batch183.csv,,NOT AVAILABLE,NOT AVAILABLE,f7272e6d-6015-44e2-81ad-d0c5faf1e0a6,PROLIFIC,10-Jun-2020 09:11:31,566,24416,check1,I am still paying attention to this task.,The earth is round. ,The earth is flat.,4,1,https://app.prolific.co/submissions/complete?cc=8AD27948,Agree or disagree (run4-experiment2-batch183-70-70),214006,b8b2a576-1175-4b02-a358-fdc8c93b914e,2020-06-10 09:11:31,175.646,2020-06-10 07:08:47.446000,2020-06-10 07:11:43.092000,10.0,true,_check,_check1,_check1,../data/prolific_output/run4-group_experiment2/qu70-s_qu70-batch183.csv
qu70-s_qu70-batch183.csv,,NOT AVAILABLE,NOT AVAILABLE,5a5b9e11-8949-4456-bb47-fa692c0e67b5,PROLIFIC,10-Jun-2020 09:06:37,566,24417,test3,You can find (a/an) chocolate which is white. White is one of a few possible colors (a/an) chocolate usually has. There is only a limited range of possible colors.,You can find (a/an) banana which is green. Green is one of a few possible colors (a/an) banana usually has. There is only a limited range of possible colors.,You can find (a/an) swan which is green. Green is one of a few possible colors (a/an) swan usually has. There is only a limited range of possible colors.,4,1,https://app.prolific.co/submissions/complete?cc=8AD27948,Agree or disagree (run4-experiment2-batch183-70-70),213987,a30aa3dc-01ae-460f-ad08-5856a72a4575,2020-06-10 09:06:37,120.959,2020-06-10 07:05:03.275000,2020-06-10 07:07:04.234000,16.0,true,test_true,_test3,_test,../data/prolific_output/run4-group_experiment2/qu70-s_qu70-batch183.csv
qu70-s_qu70-batch183.csv,,NOT AVAILABLE,NOT AVAILABLE,10dca67e-12ab-49ba-8e4a-f013f5d9a747,PROLIFIC,10-Jun-2020 09:12:25,566,24417,test3,You can find (a/an) chocolate which is white. White is one of a few possible colors (a/an) chocolate usually has. There is only a limited range of possible colors.,You can find (a/an) banana which is green. Green is one of a few possible colors (a/an) banana usually has. There is only a limited range of possible colors.,You can find (a/an) swan which is green. Green is one of a few possible colors (a/an) swan usually has. There is only a limited range of possible colors.,4,1,https://app.prolific.co/submissions/complete?cc=8AD27948,Agree or disagree (run4-experiment2-batch183-70-70),214009,f121b76a-45a1-4471-8044-8b9643e99931,2020-06-10 09:12:25,41.21,2020-06-10 07:12:03.378000,2020-06-10 07:12:44.588000,7.0,false,test_true,_test3,_test,../data/prolific_output/run4-group_experiment2/qu70-s_qu70-batch183.csv
qu70-s_qu70-batch183.csv,,NOT AVAILABLE,NOT AVAILABLE,925713c0-2d6c-4910-b541-e678cf440693,PROLIFIC,10-Jun-2020 09:00:11,566,24417,test3,You can find (a/an) chocolate which is white. White is one of a few possible colors (a/an) chocolate usually has. There is only a limited range of possible colors.,You can find (a/an) banana which is green. Green is one of a few possible colors (a/an) banana usually has. There is only a limited range of possible colors.,You can find (a/an) swan which is green. Green is one of a few possible colors (a/an) swan usually has. There is only a limited range of possible colors.,4,1,https://app.prolific.co/submissions/complete?cc=8AD27948,Agree or disagree (run4-experiment2-batch183-70-70),213983,918896c9-1565-4315-ab0d-8845ff9e599a,2020-06-10 09:00:11,100.675,2020-06-10 06:58:35.507000,2020-06-10 07:00:16.182000,9.182,true,test_true,_test3,_test,../data/prolific_output/run4-group_experiment2/qu70-s_qu70-batch183.csv
qu70-s_qu70-batch183.csv,,NOT AVAILABLE,NOT AVAILABLE,0405c3e7-78bf-40c7-b8d9-f720724ce7f1,PROLIFIC,10-Jun-2020 08:45:26,566,24417,test3,You can find (a/an) chocolate which is white. White is one of a few possible colors (a/an) chocolate usually has. There is only a limited range of possible colors.,You can find (a/an) banana which is green. Green is one of a few possible colors (a/an) banana usually has. There is only a limited range of possible colors.,You can find (a/an) swan which is green. Green is one of a few possible colors (a/an) swan usually has. There is only a limited range of possible colors.,4,1,https://app.prolific.co/submissions/complete?cc=8AD27948,Agree or disagree (run4-experiment2-batch183-70-70),213974,141f2a06-709a-48b7-9145-c7da55f3bcd2,2020-06-10 08:45:26,51.998,2020-06-10 06:44:51.162000,2020-06-10 06:45:43.160000,5.0,true,test_true,_test3,_test,../data/prolific_output/run4-group_experiment2/qu70-s_qu70-batch183.csv
qu70-s_qu70-batch183.csv,,NOT AVAILABLE,NOT AVAILABLE,67616648-48b2-4c7c-847c-3cfe6d860951,PROLIFIC,10-Jun-2020 09:21:59,566,24417,test3,You can find (a/an) chocolate which is white. White is one of a few possible colors (a/an) chocolate usually has. There is only a limited range of possible colors.,You can find (a/an) banana which is green. Green is one of a few possible colors (a/an) banana usually has. There is only a limited range of possible colors.,You can find (a/an) swan which is green. Green is one of a few possible colors (a/an) swan usually has. There is only a limited range of possible colors.,4,1,https://app.prolific.co/submissions/complete?cc=8AD27948,Agree or disagree (run4-experiment2-batch183-70-70),214022,5441ca11-176f-4e46-b4f0-77d5153dd817,2020-06-10 09:21:59,230.082,2020-06-10 07:18:44.989000,2020-06-10 07:22:35.071000,7.0,true,test_true,_test3,_test,../data/prolific_output/run4-group_experiment2/qu70-s_qu70-batch183.csv
qu70-s_qu70-batch183.csv,,NOT AVAILABLE,NOT AVAILABLE,8713bc47-83eb-4eb4-a7fb-ac15b44a0c3a,PROLIFIC,10-Jun-2020 09:10:59,566,24417,test3,You can find (a/an) chocolate which is white. White is one of a few possible colors (a/an) chocolate usually has. There is only a limited range of possible colors.,You can find (a/an) banana which is green. Green is one of a few possible colors (a/an) banana usually has. There is only a limited range of possible colors.,You can find (a/an) swan which is green. Green is one of a few possible colors (a/an) swan usually has. There is only a limited range of possible colors.,4,1,https://app.prolific.co/submissions/complete?cc=8AD27948,Agree or disagree (run4-experiment2-batch183-70-70),213997,1f11b5e6-7de4-4a05-9f3b-0dbf77ce90f5,2020-06-10 09:10:59,87.417,2020-06-10 07:09:37.044000,2020-06-10 07:11:04.461000,14.461,true,test_true,_test3,_test,../data/prolific_output/run4-group_experiment2/qu70-s_qu70-batch183.csv
qu70-s_qu70-batch183.csv,,NOT AVAILABLE,NOT AVAILABLE,11274d59-5c8f-407f-823f-092832b03282,PROLIFIC,10-Jun-2020 09:16:17,566,24417,test3,You can find (a/an) chocolate which is white. White is one of a few possible colors (a/an) chocolate usually has. There is only a limited range of possible colors.,You can find (a/an) banana which is green. Green is one of a few possible colors (a/an) banana usually has. There is only a limited range of possible colors.,You can find (a/an) swan which is green. Green is one of a few possible colors (a/an) swan usually has. There is only a limited range of possible colors.,4,1,https://app.prolific.co/submissions/complete?cc=8AD27948,Agree or disagree (run4-experiment2-batch183-70-70),214017,a0871af4-2e76-488e-b338-057c15041cf0,2020-06-10 09:16:17,85.434,2020-06-10 07:15:07.685000,2020-06-10 07:16:33.119000,7.0,true,test_true,_test3,_test,../data/prolific_output/run4-group_experiment2/qu70-s_qu70-batch183.csv
qu70-s_qu70-batch183.csv,,NOT AVAILABLE,NOT AVAILABLE,bc0737bc-9dc1-4cc9-9776-697b15e532fb,PROLIFIC,10-Jun-2020 09:11:02,566,24417,test3,You can find (a/an) chocolate which is white. White is one of a few possible colors (a/an) chocolate usually has. There is only a limited range of possible colors.,You can find (a/an) banana which is green. Green is one of a few possible colors (a/an) banana usually has. There is only a limited range of possible colors.,You can find (a/an) swan which is green. Green is one of a few possible colors (a/an) swan usually has. There is only a limited range of possible colors.,4,1,https://app.prolific.co/submissions/complete?cc=8AD27948,Agree or disagree (run4-experiment2-batch183-70-70),213998,13274a86-db09-4d37-9253-f6de36a50200,2020-06-10 09:11:02,84.596,2020-06-10 07:10:02.276000,2020-06-10 07:11:26.872000,59.724,true,test_true,_test3,_test,../data/prolific_output/run4-group_experiment2/qu70-s_qu70-batch183.csv
qu70-s_qu70-batch183.csv,,NOT AVAILABLE,NOT AVAILABLE,b07648e5-fd1b-48f6-b78b-db26fece8537,PROLIFIC,10-Jun-2020 08:44:01,566,24417,test3,You can find (a/an) chocolate which is white. White is one of a few possible colors (a/an) chocolate usually has. There is only a limited range of possible colors.,You can find (a/an) banana which is green. Green is one of a few possible colors (a/an) banana usually has. There is only a limited range of possible colors.,You can find (a/an) swan which is green. Green is one of a few possible colors (a/an) swan usually has. There is only a limited range of possible colors.,4,1,https://app.prolific.co/submissions/complete?cc=8AD27948,Agree or disagree (run4-experiment2-batch183-70-70),213968,0f268ac8-38a8-4e34-84f6-aaa501a5e0bc,2020-06-10 08:44:01,62.804,2020-06-10 06:43:21.680000,2020-06-10 06:44:24.484000,9.0,false,test_true,_test3,_test,../data/prolific_output/run4-group_experiment2/qu70-s_qu70-batch183.csv
qu70-s_qu70-batch183.csv,,NOT AVAILABLE,NOT AVAILABLE,f7272e6d-6015-44e2-81ad-d0c5faf1e0a6,PROLIFIC,10-Jun-2020 09:10:20,566,24417,test3,You can find (a/an) chocolate which is white. White is one of a few possible colors (a/an) chocolate usually has. There is only a limited range of possible colors.,You can find (a/an) banana which is green. Green is one of a few possible colors (a/an) banana usually has. There is only a limited range of possible colors.,You can find (a/an) swan which is green. Green is one of a few possible colors (a/an) swan usually has. There is only a limited range of possible colors.,4,1,https://app.prolific.co/submissions/complete?cc=8AD27948,Agree or disagree (run4-experiment2-batch183-70-70),213991,1712676c-6056-4510-b2ee-d59a77ceb83b,2020-06-10 09:10:20,175.646,2020-06-10 07:08:47.446000,2020-06-10 07:11:43.092000,92.554,true,test_true,_test3,_test,../data/prolific_output/run4-group_experiment2/qu70-s_qu70-batch183.csv
